,level_0,level_1,level_2,level_3,level_4,level_5,level_6,level_7,level_8,individual importance,total importance,individual std,total std
8,sett_stratify_split,,,,,,,,,0.37188703767600007,0.37188703767600007,0.004177737994127065,0.004177737994127065
16,sett_cutoff,sett_stratify_split,,,,,,,,0.3122905587245608,0.7652520719415576,0.002643632680094722,0.005451495982152595
0,sett_cutoff,,,,,,,,,0.08107447554099678,0.08107447554099678,0.000979756678498622,0.000979756678498622
66,sett_cutoff,sett_model,sett_stratify_split,,,,,,,0.006925646935503973,0.780529433116752,0.000556927097950405,0.004802634323706375
158,sett_cutoff,sett_exclude_features,sett_model,sett_stratify_split,,,,,,0.006598959388359722,0.8089544391358439,0.0007080552747536027,0.004264091731662407
64,sett_cutoff,sett_model,sett_preprocess_income,,,,,,,0.006164008256941349,0.10561507742801213,0.0007017024840850203,0.0014092570514663426
25,sett_exclude_features,sett_model,,,,,,,,0.005790539500510267,0.01155646355064411,0.0006573570373257407,0.0008251226232604786
178,sett_cutoff,sett_model,sett_preprocess_income,sett_scale,,,,,,0.005417783420677226,0.13147062788390104,0.0007376999548381161,0.002946470890025515
36,sett_model,sett_preprocess_income,,,,,,,,0.0053437177150976655,0.009073983529618858,0.0008491873401490433,0.000913284037759952
14,sett_cutoff,sett_preprocess_income,,,,,,,,0.0052163155903077,0.08932577740366268,0.0005612062145112765,0.001014642515440122
2,sett_exclude_features,,,,,,,,,0.005070644507970867,0.005070644507970867,0.0003690853238110927,0.0003690853238110927
179,sett_cutoff,sett_model,sett_preprocess_income,sett_stratify_split,,,,,,0.004319274061091233,0.811365704179192,0.0007349889296318597,0.004724097888262268
122,sett_model,sett_preprocess_income,sett_scale,,,,,,,0.00423312342026922,0.02387463852277845,0.0004191219085938214,0.0018093361003632962
12,sett_cutoff,sett_model,,,,,,,,0.004086294510147448,0.08585604959330718,0.00033234712602034225,0.0009379786005625195
70,sett_cutoff,sett_preprocess_income,sett_scale,,,,,,,0.0037478940293311663,0.10078414419548368,0.0005205041874607144,0.0015569914170563979
102,sett_exclude_features,sett_model,sett_stratify_split,,,,,,,0.003686483325190379,0.39282762292321993,0.0006969450301959428,0.0041072407025918726
42,sett_preprocess_income,sett_scale,,,,,,,,0.00366835741888606,0.010124588267017707,0.00043400954168106145,0.0010423405610046064
24,sett_exclude_features,sett_exclude_subgroups,,,,,,,,0.0035849547141076346,0.012098753775970686,0.00037049329166149764,0.0008324552362095041
38,sett_model,sett_stratify_split,,,,,,,,0.003570140187379999,0.37615245740554304,0.0004669768777420223,0.00403455315686838
37,sett_model,sett_scale,,,,,,,,0.0034779295782308836,0.007594453696167291,0.00038264170520095614,0.00065114567679615
3,sett_exclude_subgroups,,,,,,,,,0.0034431545538921838,0.0034431545538921838,0.00041518873981705574,0.00041518873981705574
7,sett_scale,,,,,,,,,0.003421244575773431,0.003421244575773431,0.00033082027435023183,0.00033082027435023183
6,sett_preprocess_income,,,,,,,,,0.0030349862723582166,0.0030349862723582166,0.00046403179988715836,0.00046403179988715836
71,sett_cutoff,sett_preprocess_income,sett_stratify_split,,,,,,,0.0030128143862219407,0.7780780971605368,0.0003510314780787396,0.005271525937528952
293,sett_cutoff,sett_exclude_features,sett_exclude_subgroups,sett_model,sett_stratify_split,,,,,0.0028929179688399823,0.8408764900016106,0.0003886472613614609,0.003620083172673259
168,sett_cutoff,sett_exclude_subgroups,sett_model,sett_stratify_split,,,,,,0.002567520183754464,0.7959652305411206,0.00036708430792292896,0.004469651583404177
57,sett_cutoff,sett_exclude_features,sett_stratify_split,,,,,,,0.002536035076256545,0.7760582101483134,0.00030568547594679113,0.0049543223420009915
98,sett_exclude_features,sett_exclude_subgroups,sett_stratify_split,,,,,,,0.002379435989278153,0.39027232211824214,0.00039384728679353403,0.004162106329938225
62,sett_cutoff,sett_exclude_subgroups,sett_stratify_split,,,,,,,0.002218796728938107,0.7741711691254409,0.0003812100347574996,0.005467750288565295
323,sett_cutoff,sett_model,sett_preprocess_income,sett_scale,sett_stratify_split,,,,,0.0021878787213677627,0.8441242647531413,0.00048247636652930557,0.005666079456031326
123,sett_model,sett_preprocess_income,sett_stratify_split,,,,,,,0.002183245810330435,0.38827631617342073,0.0003874819314658986,0.0038979730105329485
29,sett_exclude_features,sett_stratify_split,,,,,,,,0.0021274981840053685,0.37908518036797634,0.0003047967595229969,0.004027297438834232
223,sett_exclude_features,sett_exclude_subgroups,sett_model,sett_stratify_split,,,,,,0.0021138567954037376,0.4111714762607478,0.0004226841040904101,0.004618925831339686
94,sett_exclude_features,sett_exclude_subgroups,sett_model,,,,,,,0.0018537362737494993,0.022066784547149117,0.0002673307158025547,0.0014358327134430659
34,sett_exclude_subgroups,sett_stratify_split,,,,,,,,0.0017795964929879387,0.37710978872288015,0.00025917195527989223,0.004258330706083597
30,sett_exclude_subgroups,sett_model,,,,,,,,0.0016284754547556883,0.005766909550810847,0.00022706340721274047,0.0003592753611686121
304,sett_cutoff,sett_exclude_features,sett_model,sett_preprocess_income,sett_stratify_split,,,,,0.0016104540944332734,0.8451010615201398,0.00046277889060145327,0.004382396952666474
184,sett_cutoff,sett_preprocess_income,sett_scale,sett_stratify_split,,,,,,0.0016065782173412568,0.792271051383901,0.00032498985416694174,0.005605198355515496
43,sett_preprocess_income,sett_stratify_split,,,,,,,,0.001561908970091377,0.3764839329184496,0.00029557592591855896,0.00394003136150398
112,sett_exclude_subgroups,sett_model,sett_stratify_split,,,,,,,0.0015606430633530793,0.3845643269705319,0.0003317806587621904,0.004128112801873186
53,sett_cutoff,sett_exclude_features,sett_model,,,,,,,0.001542885598275643,0.09933207963858706,0.0003667507781359412,0.0013711976801435777
154,sett_cutoff,sett_exclude_features,sett_exclude_subgroups,sett_stratify_split,,,,,,0.0015039556265803553,0.7935468037662051,0.00019771552379153516,0.004664046274427908
11,sett_cutoff,sett_exclude_subgroups,,,,,,,,0.0014775494080650053,0.08599517950295396,0.0002062549795035238,0.0011095117020082812
420,sett_cutoff,sett_exclude_features,sett_exclude_subgroups,sett_model,sett_preprocess_income,sett_stratify_split,,,,0.0013563480259559933,0.8858073755592192,0.0002680569148046142,0.003848841716792405
314,sett_cutoff,sett_exclude_subgroups,sett_model,sett_preprocess_income,sett_stratify_split,,,,,0.001269520918241122,0.8308963798200983,0.00027193043366078483,0.004117864228111401
65,sett_cutoff,sett_model,sett_scale,,,,,,,0.0012683472448905973,0.09464444176003244,0.00019799022953550025,0.0010331323330856359
143,sett_cutoff,sett_encode_categorical,sett_model,sett_stratify_split,,,,,,0.0011861780620421893,0.7836057864491014,0.0003670820029923834,0.005030307260697018
427,sett_cutoff,sett_exclude_features,sett_model,sett_preprocess_age,sett_preprocess_income,sett_stratify_split,,,,0.0011335685113495733,0.8580136395303786,0.0002670716058813033,0.004784330784920411
52,sett_cutoff,sett_exclude_features,sett_exclude_subgroups,,,,,,,0.0011011501040422591,0.09682388926759782,0.00018250558681678873,0.001295610492525013
10,sett_cutoff,sett_exclude_features,,,,,,,,0.0010719604385230914,0.08721708048749072,0.00022571551263737835,0.0010540192614808387
150,sett_cutoff,sett_exclude_features,sett_exclude_subgroups,sett_model,,,,,,0.001056245969396642,0.114237407655218,0.00015588876194874452,0.0019698367106186134
321,sett_cutoff,sett_model,sett_preprocess_age,sett_preprocess_income,sett_stratify_split,,,,,0.0010217428652056976,0.8182252340955122,0.00022431006416420674,0.004384445671331665
222,sett_exclude_features,sett_exclude_subgroups,sett_model,sett_scale,,,,,,0.0009865609703112437,0.03378362152261616,0.00018590211218009328,0.0016596460189200466
487,sett_cutoff,sett_exclude_features,sett_exclude_subgroups,sett_model,sett_preprocess_age,sett_preprocess_income,sett_stratify_split,,,0.0009706600611060392,0.90881804753451,0.0001976482460698972,0.004410825745037255
421,sett_cutoff,sett_exclude_features,sett_exclude_subgroups,sett_model,sett_scale,sett_stratify_split,,,,0.0009292201630254578,0.8662383554998954,0.00016681617470412413,0.0037096110256475516
302,sett_cutoff,sett_exclude_features,sett_model,sett_preprocess_age,sett_stratify_split,,,,,0.0008772802106484322,0.814769177095401,0.0003707927385240889,0.004204601417265204
234,sett_exclude_features,sett_model,sett_preprocess_income,sett_stratify_split,,,,,,0.0008717596053884595,0.4069513460052799,0.00029258275376652077,0.004335631135387161
177,sett_cutoff,sett_model,sett_preprocess_age,sett_stratify_split,,,,,,0.0008517781915234877,0.7837907692691374,0.00020356725136241603,0.004661777134300434
365,sett_exclude_features,sett_exclude_subgroups,sett_model,sett_scale,sett_stratify_split,,,,,0.0008463882706661851,0.4276208720913347,0.00018112490051203566,0.004718670897128699
432,sett_cutoff,sett_exclude_subgroups,sett_model,sett_preprocess_age,sett_preprocess_income,sett_stratify_split,,,,0.0008438950988318491,0.8422539647478242,0.00018611226006043146,0.0037650183598305757
180,sett_cutoff,sett_model,sett_scale,sett_stratify_split,,,,,,0.0007998783148570124,0.7919105113272248,0.0001736223386747913,0.00482910019335937
111,sett_exclude_subgroups,sett_model,sett_scale,,,,,,,0.0007988729283350516,0.01424470725079487,0.00013045767419425262,0.0006164493462630105
97,sett_exclude_features,sett_exclude_subgroups,sett_scale,,,,,,,0.0007872689054673676,0.017771876503913445,0.00012177055909491543,0.0009174549858133037
124,sett_model,sett_scale,sett_stratify_split,,,,,,,0.0007862358738620504,0.38428204985887293,0.0001412089822320997,0.0039019276334467316
101,sett_exclude_features,sett_model,sett_scale,,,,,,,0.0007803507706471101,0.019920847104352837,0.00019410694174244684,0.0010341553172097586
33,sett_exclude_subgroups,sett_scale,,,,,,,,0.0007797506176446553,0.00764414974731027,0.0001278951083622924,0.00046359977631959284
163,sett_cutoff,sett_exclude_features,sett_preprocess_income,sett_stratify_split,,,,,,0.000771608820163509,0.7908133524240232,0.00019483109651742184,0.004728161488518214
58,sett_cutoff,sett_exclude_subgroups,sett_model,,,,,,,0.0007600615386220407,0.09316529054864212,0.0001407683773718541,0.0010599805880589532
315,sett_cutoff,sett_exclude_subgroups,sett_model,sett_scale,sett_stratify_split,,,,,0.0007428234365141481,0.8120324615235663,0.0001763866621856365,0.004784599959936669
298,sett_cutoff,sett_exclude_features,sett_exclude_subgroups,sett_preprocess_income,sett_stratify_split,,,,,0.0007375227727573804,0.8113817866898256,0.00017095589551194382,0.0043401175514497705
364,sett_exclude_features,sett_exclude_subgroups,sett_model,sett_preprocess_income,sett_stratify_split,,,,,0.0007207444904879809,0.42848499572945,0.00021096747549300096,0.005013971122248409
245,sett_exclude_subgroups,sett_model,sett_scale,sett_stratify_split,,,,,,0.0007172516571567911,0.39549802278281665,0.00015902781041473834,0.004192913612142994
284,sett_cutoff,sett_encode_categorical,sett_model,sett_preprocess_income,sett_stratify_split,,,,,0.0007150501430575656,0.8177407578253342,0.00022896804353008673,0.0053941544106853555
305,sett_cutoff,sett_exclude_features,sett_model,sett_scale,sett_stratify_split,,,,,0.0007071472488502798,0.8241698820065544,0.00011897561370438606,0.004202303392607641
418,sett_cutoff,sett_exclude_features,sett_exclude_subgroups,sett_model,sett_preprocess_age,sett_stratify_split,,,,0.0007022303413914229,0.8507974962725207,0.00017866739238095163,0.003606331819219463
244,sett_exclude_subgroups,sett_model,sett_preprocess_income,sett_stratify_split,,,,,,0.0006984296437966624,0.39823031946223053,0.00019549688571096244,0.0039110607461536225
4,sett_model,,,,,,,,,0.000695279542162976,0.000695279542162976,0.00017444790386509252,0.00017444790386509252
28,sett_exclude_features,sett_scale,,,,,,,,0.0006848586290573026,0.009176747712801601,0.00013392989434295088,0.00047305676956024286
141,sett_cutoff,sett_encode_categorical,sett_model,sett_preprocess_income,,,,,,0.0006794946214544834,0.10800609747582073,0.00020439613006035737,0.0015676079484409529
69,sett_cutoff,sett_preprocess_age,sett_stratify_split,,,,,,,0.0006716936969577353,0.7666479084619733,0.00018614117838565628,0.00533076179260585
489,sett_cutoff,sett_exclude_features,sett_exclude_subgroups,sett_model,sett_preprocess_income,sett_scale,sett_stratify_split,,,0.0006462396367773081,0.9381184241054655,0.00020119757515214132,0.004338391025129026
283,sett_cutoff,sett_encode_categorical,sett_model,sett_preprocess_income,sett_scale,,,,,0.0006342143928689862,0.1357040454618033,0.00018791107652037212,0.00329676649853321
156,sett_cutoff,sett_exclude_features,sett_model,sett_preprocess_income,,,,,,0.0006267808504144567,0.12069441252306792,0.00018120583003890353,0.0017623719938831429
15,sett_cutoff,sett_scale,,,,,,,,0.0006208707678303317,0.08511659088460052,0.00013008223888441106,0.0008763202080261723
291,sett_cutoff,sett_exclude_features,sett_exclude_subgroups,sett_model,sett_preprocess_income,,,,,0.0006157443542333341,0.13822135292645302,0.00021515999448339952,0.002195723161388989
173,sett_cutoff,sett_exclude_subgroups,sett_preprocess_income,sett_stratify_split,,,,,,0.0006012573084367199,0.7884162655114302,0.00010011552415759805,0.0052495165780587156
423,sett_cutoff,sett_exclude_features,sett_exclude_subgroups,sett_preprocess_age,sett_preprocess_income,sett_stratify_split,,,,0.0005785802450890233,0.819574204883667,8.74583880865126e-05,0.004179447310773991
371,sett_exclude_features,sett_model,sett_preprocess_age,sett_preprocess_income,sett_stratify_split,,,,,0.0005769981806045975,0.4112074016724272,0.00015321629386057372,0.004541251892983685
229,sett_exclude_features,sett_exclude_subgroups,sett_scale,sett_stratify_split,,,,,,0.0005668601436074928,0.397810480310324,0.00013274579889441333,0.004257551458426264
72,sett_cutoff,sett_scale,sett_stratify_split,,,,,,,0.0005623894295649649,0.7703007591401898,0.00011131463970941266,0.00539694951531974
299,sett_cutoff,sett_exclude_features,sett_exclude_subgroups,sett_scale,sett_stratify_split,,,,,0.0005614695544936594,0.8044185004943885,0.00012591719749350307,0.004870580445040765
251,sett_model,sett_preprocess_age,sett_preprocess_income,sett_stratify_split,,,,,,0.000558574431021804,0.3906492601356651,0.00010336303063290044,0.003908662426084931
434,sett_cutoff,sett_exclude_subgroups,sett_model,sett_preprocess_income,sett_scale,sett_stratify_split,,,,0.0005493646253803221,0.870126502435631,0.00015319576536861624,0.005298992785557375
307,sett_cutoff,sett_exclude_features,sett_preprocess_age,sett_preprocess_income,sett_stratify_split,,,,,0.0005425835619678864,0.7954063037758967,0.00011478518396778285,0.004472216692607033
312,sett_cutoff,sett_exclude_subgroups,sett_model,sett_preprocess_age,sett_stratify_split,,,,,0.0005309058515183863,0.8009924522683142,0.00010060118763041576,0.004322190277210848
235,sett_exclude_features,sett_model,sett_scale,sett_stratify_split,,,,,,0.0005176475892957248,0.4032858371047996,0.0001554639948363251,0.004001049757469267
118,sett_exclude_subgroups,sett_scale,sett_stratify_split,,,,,,,0.0005082281558183351,0.38226319449758017,0.00012288630026862656,0.004247664818835923
182,sett_cutoff,sett_preprocess_age,sett_preprocess_income,sett_stratify_split,,,,,,0.0004893303848888739,0.7807880965883358,0.00012181085041462598,0.005106525807878338
429,sett_cutoff,sett_exclude_features,sett_model,sett_preprocess_income,sett_scale,sett_stratify_split,,,,0.0004849833280487331,0.8832999219600114,0.0001386272005691055,0.004873582398938237
459,sett_exclude_features,sett_exclude_subgroups,sett_model,sett_preprocess_age,sett_preprocess_income,sett_stratify_split,,,,0.0004808883361572657,0.43618859992660874,0.00010466699144297151,0.005321184568353598
292,sett_cutoff,sett_exclude_features,sett_exclude_subgroups,sett_model,sett_scale,,,,,0.00047790851981022035,0.12972795057041625,0.00014686882424062812,0.0019551284289535454
174,sett_cutoff,sett_exclude_subgroups,sett_scale,sett_stratify_split,,,,,,0.0004777668283903325,0.7812644407108593,0.0001463194665486072,0.005522062887091714
19,sett_encode_categorical,sett_model,,,,,,,,0.00046942043166815284,0.0013583318727279528,0.00011942683497824768,0.0002605761270802917
51,sett_cutoff,sett_encode_categorical,sett_stratify_split,,,,,,,0.00046380517010623733,0.7660845406761455,0.00017730674498189712,0.005535753481020313
107,sett_exclude_features,sett_preprocess_income,sett_stratify_split,,,,,,,0.0004532237520946886,0.38453794060433033,0.00019344168066200604,0.003906373256515571
148,sett_cutoff,sett_encode_categorical,sett_preprocess_income,sett_stratify_split,,,,,,0.00044949619152964086,0.7801849089757017,0.00012462401467415338,0.005460686548112374
300,sett_cutoff,sett_exclude_features,sett_model,sett_preprocess_age,sett_preprocess_income,,,,,0.00044752785377588536,0.12480140436226009,0.00012548048586932158,0.0019981325822246722
175,sett_cutoff,sett_model,sett_preprocess_age,sett_preprocess_income,,,,,,0.00044566792582234713,0.10792008212993326,8.97322200414696e-05,0.0013781519520275401
44,sett_scale,sett_stratify_split,,,,,,,,0.00044418242546355886,0.37575246467723705,0.0001301486189223658,0.00409059772345812
317,sett_cutoff,sett_exclude_subgroups,sett_preprocess_age,sett_preprocess_income,sett_stratify_split,,,,,0.0004365584928010752,0.7926751892434218,7.53960434945889e-05,0.005102394383204921
376,sett_exclude_subgroups,sett_model,sett_preprocess_age,sett_preprocess_income,sett_stratify_split,,,,,0.00043440677607351337,0.4021527349437579,8.290266232764927e-05,0.0039177065902761534
425,sett_cutoff,sett_exclude_features,sett_exclude_subgroups,sett_preprocess_income,sett_scale,sett_stratify_split,,,,0.0004282177065447947,0.8335213898356753,9.805251862501925e-05,0.005012599460901457
121,sett_model,sett_preprocess_age,sett_stratify_split,,,,,,,0.0004267712369936176,0.3771946344748175,0.00015785798143725825,0.003991100149496921
166,sett_cutoff,sett_exclude_subgroups,sett_model,sett_preprocess_income,,,,,,0.0004245544734632741,0.11404890049272974,0.00013280736870952675,0.0012997372370331301
87,sett_encode_categorical,sett_model,sett_stratify_split,,,,,,,0.0004225068704797289,0.3773964334268687,0.00011093940925885413,0.0039809526257876034
469,sett_cutoff,sett_encode_categorical,sett_exclude_features,sett_exclude_subgroups,sett_model,sett_preprocess_income,sett_stratify_split,,,0.00042108944305779036,0.8995532240069588,0.00012637546741494176,0.0039611568652053114
414,sett_cutoff,sett_encode_categorical,sett_model,sett_preprocess_income,sett_scale,sett_stratify_split,,,,0.00041963548665381145,0.8533813480784341,0.00011505454004483798,0.006620889631045679
155,sett_cutoff,sett_exclude_features,sett_model,sett_preprocess_age,,,,,,0.0004122997644976238,0.10124319770251666,0.00015328405872500986,0.0015132450538206715
27,sett_exclude_features,sett_preprocess_income,,,,,,,,0.0004026412418098045,0.008508272022138889,0.0001669096786176836,0.000675194555671878
117,sett_exclude_subgroups,sett_preprocess_income,sett_stratify_split,,,,,,,0.00040108823668063176,0.38226708603132736,0.0001163087766489727,0.003981888360563554
405,sett_cutoff,sett_encode_categorical,sett_exclude_subgroups,sett_model,sett_preprocess_income,sett_stratify_split,,,,0.0004004432576544454,0.8397409823865574,0.00015994515281706482,0.0046543930459248106
395,sett_cutoff,sett_encode_categorical,sett_exclude_features,sett_model,sett_preprocess_income,sett_stratify_split,,,,0.0003965689084492218,0.8537346230026597,0.00014476773037954067,0.004527923611549275
253,sett_model,sett_preprocess_income,sett_scale,sett_stratify_split,,,,,,0.000394429776430555,0.40482325660150975,0.00013304767256002147,0.004070876990075993
416,sett_cutoff,sett_exclude_features,sett_exclude_subgroups,sett_model,sett_preprocess_age,sett_preprocess_income,,,,0.0003837021682455451,0.14528941611769097,7.565267756754877e-05,0.002581140184464902
167,sett_cutoff,sett_exclude_subgroups,sett_model,sett_scale,,,,,,0.00038262036318080175,0.10419376540946072,0.00010150098241507713,0.0010908310126918077
228,sett_exclude_features,sett_exclude_subgroups,sett_preprocess_income,sett_stratify_split,,,,,,0.0003777393902020703,0.3968766239877304,9.999700573479481e-05,0.004072884354940234
296,sett_cutoff,sett_exclude_features,sett_exclude_subgroups,sett_preprocess_age,sett_stratify_split,,,,,0.00037540735829452135,0.7971178104255936,0.0001036681482625574,0.004502592283816634
362,sett_exclude_features,sett_exclude_subgroups,sett_model,sett_preprocess_age,sett_stratify_split,,,,,0.0003727415255921194,0.4143891784580516,0.00010292800778674526,0.004595355908421995
49,sett_cutoff,sett_encode_categorical,sett_preprocess_income,,,,,,,0.0003698579150142666,0.0900880197940152,0.0001360643452581156,0.0010818589354603596
492,sett_cutoff,sett_exclude_subgroups,sett_model,sett_preprocess_age,sett_preprocess_income,sett_scale,sett_stratify_split,,,0.00036942639340010596,0.8857956481097343,7.307655489741559e-05,0.005038310139208473
164,sett_cutoff,sett_exclude_features,sett_scale,sett_stratify_split,,,,,,0.00035806875227077547,0.7826651305579226,0.0001017544980237887,0.005043263689839424
508,sett_cutoff,sett_exclude_features,sett_exclude_subgroups,sett_model,sett_preprocess_age,sett_preprocess_income,sett_scale,sett_stratify_split,,0.00035591563427796294,0.9698378828696361,6.88839793237392e-05,0.0036735544851747423
161,sett_cutoff,sett_exclude_features,sett_preprocess_age,sett_stratify_split,,,,,,0.0003558770050532666,0.7781886727022373,0.00012324681441848822,0.004746213797047102
13,sett_cutoff,sett_preprocess_age,,,,,,,,0.0003540204491521257,0.08156597083347439,9.00344048122137e-05,0.000962271675548384
213,sett_encode_categorical,sett_model,sett_preprocess_income,sett_scale,,,,,,0.0003534720238818115,0.025664052900004612,0.00014107279090474326,0.001916105224209895
436,sett_cutoff,sett_model,sett_preprocess_age,sett_preprocess_income,sett_scale,sett_stratify_split,,,,0.0003527657216724994,0.8529615923634184,7.045550057902244e-05,0.005244924567196238
108,sett_exclude_features,sett_scale,sett_stratify_split,,,,,,,0.00034576473924968044,0.3839812307375202,0.00012602877676742228,0.004065488896184507
310,sett_cutoff,sett_exclude_subgroups,sett_model,sett_preprocess_age,sett_preprocess_income,,,,,0.0003453742647379722,0.11767875881086876,9.324087558433848e-05,0.001414906056290539
63,sett_cutoff,sett_model,sett_preprocess_age,,,,,,,0.00034166674547749117,0.08693449508923744,0.0001088896446880047,0.0009243022546592076
232,sett_exclude_features,sett_model,sett_preprocess_age,sett_stratify_split,,,,,,0.00033848141829590113,0.3946037691099379,0.00010638853971932023,0.004101854123940864
319,sett_cutoff,sett_exclude_subgroups,sett_preprocess_income,sett_scale,sett_stratify_split,,,,,0.00033846204156744885,0.8053390623746595,0.00012123931960131238,0.005722887615515609
221,sett_exclude_features,sett_exclude_subgroups,sett_model,sett_preprocess_income,,,,,,0.00033577860519672196,0.03211216411677892,0.000159851128698931,0.0016610109450058976
152,sett_cutoff,sett_exclude_features,sett_exclude_subgroups,sett_preprocess_income,,,,,,0.00033210714100695015,0.10674170855456999,9.02859493941847e-05,0.0013476864732998902
488,sett_cutoff,sett_exclude_features,sett_exclude_subgroups,sett_model,sett_preprocess_age,sett_scale,sett_stratify_split,,,0.00033056534893045436,0.8797099969737991,0.00013841943354062135,0.003375083401842942
491,sett_cutoff,sett_exclude_features,sett_model,sett_preprocess_age,sett_preprocess_income,sett_scale,sett_stratify_split,,,0.00032966343063041143,0.9001340301920258,7.004227798345471e-05,0.004475035496682667
147,sett_cutoff,sett_encode_categorical,sett_preprocess_income,sett_scale,,,,,,0.0003175316619730593,0.10208105005605976,0.00016863435750163778,0.00171032166932995
214,sett_encode_categorical,sett_model,sett_preprocess_income,sett_stratify_split,,,,,,0.00031572909794179145,0.39060509363748325,8.217779004470102e-05,0.0039335443789446185
85,sett_encode_categorical,sett_model,sett_preprocess_income,,,,,,,0.00031408337076203847,0.010233256962083406,0.00010761768445891587,0.0009749232781343302
67,sett_cutoff,sett_preprocess_age,sett_preprocess_income,,,,,,,0.00031068569504809807,0.09034011834180725,0.00011703949638915053,0.0010694985380649746
153,sett_cutoff,sett_exclude_features,sett_exclude_subgroups,sett_scale,,,,,,0.00030459332821961303,0.10387085596692247,7.598917759343344e-05,0.0012126405460816498
384,sett_cutoff,sett_encode_categorical,sett_exclude_features,sett_exclude_subgroups,sett_model,sett_stratify_split,,,,0.00030302941858651984,0.8470616801030999,6.854920216475248e-05,0.0036872508248752696
126,sett_preprocess_age,sett_preprocess_income,sett_stratify_split,,,,,,,0.0003019868768275917,0.37736820212020183,8.322252229770718e-05,0.003942136613639465
55,sett_cutoff,sett_exclude_features,sett_preprocess_income,,,,,,,0.00030164324266235027,0.0961726668346288,0.00011440249223269263,0.001030791548065237
367,sett_exclude_features,sett_exclude_subgroups,sett_preprocess_age,sett_preprocess_income,sett_stratify_split,,,,,0.0002883009910306861,0.3995738268728833,5.632114237681871e-05,0.0041486828660123485
461,sett_exclude_features,sett_exclude_subgroups,sett_model,sett_preprocess_income,sett_scale,sett_stratify_split,,,,0.00028829392821869127,0.4551832581415811,7.499820724977285e-05,0.005204989287044597
242,sett_exclude_subgroups,sett_model,sett_preprocess_age,sett_stratify_split,,,,,,0.0002861949977992085,0.38623235350821994,6.167852366079297e-05,0.004075084667390187
290,sett_cutoff,sett_exclude_features,sett_exclude_subgroups,sett_model,sett_preprocess_age,,,,,0.00028545983884243194,0.11736420826098551,0.00011872448908181289,0.0021213461369291612
110,sett_exclude_subgroups,sett_model,sett_preprocess_income,,,,,,,0.0002833020140266886,0.01458822938161038,5.896882724764501e-05,0.000816685005042657
309,sett_cutoff,sett_exclude_features,sett_preprocess_income,sett_scale,sett_stratify_split,,,,,0.00028203784792371416,0.8071431350807785,9.368473377726529e-05,0.005139089721210462
61,sett_cutoff,sett_exclude_subgroups,sett_scale,,,,,,,0.00027883878493285515,0.09109588424913523,5.3250956335706305e-05,0.0010528686594737156
237,sett_exclude_features,sett_preprocess_age,sett_preprocess_income,sett_stratify_split,,,,,,0.00027718146355319706,0.386005901681413,8.320793273502854e-05,0.00392027040328378
433,sett_cutoff,sett_exclude_subgroups,sett_model,sett_preprocess_age,sett_scale,sett_stratify_split,,,,0.00027664776083031496,0.818720308634623,9.338715550264354e-05,0.004616438913159215
171,sett_cutoff,sett_exclude_subgroups,sett_preprocess_age,sett_stratify_split,,,,,,0.0002738655867104112,0.776183750463076,5.2964386475461907e-05,0.005365529683101762
92,sett_encode_categorical,sett_preprocess_income,sett_stratify_split,,,,,,,0.0002728512428955504,0.3772909706116605,0.00011735231609375138,0.003941326708324039
100,sett_exclude_features,sett_model,sett_preprocess_income,,,,,,,0.00027223971488931427,0.02061004849479911,0.00011034553652651602,0.001294137510852769
273,sett_cutoff,sett_encode_categorical,sett_exclude_subgroups,sett_model,sett_stratify_split,,,,,0.0002722258694946667,0.8001387596047176,8.562693514152125e-05,0.004610903974889278
157,sett_cutoff,sett_exclude_features,sett_model,sett_scale,,,,,,0.00027098584046766254,0.11002620813588347,6.714323229693636e-05,0.0012795453691347334
389,sett_cutoff,sett_encode_categorical,sett_exclude_features,sett_exclude_subgroups,sett_preprocess_income,sett_stratify_split,,,,0.0002643469138403658,0.8164576262898795,6.0693590357038946e-05,0.004308077731914049
490,sett_cutoff,sett_exclude_features,sett_exclude_subgroups,sett_preprocess_age,sett_preprocess_income,sett_scale,sett_stratify_split,,,0.0002626531111183467,0.8450171900239614,6.358758000453903e-05,0.004816000260885954
268,sett_cutoff,sett_encode_categorical,sett_exclude_features,sett_preprocess_income,sett_stratify_split,,,,,0.0002602913378238916,0.7938551858083456,8.724533194906686e-05,0.004813697061579963
119,sett_model,sett_preprocess_age,sett_preprocess_income,,,,,,,0.0002580456345016104,0.009926947416039937,7.575873737090478e-05,0.0009318078728512483
60,sett_cutoff,sett_exclude_subgroups,sett_preprocess_income,,,,,,,0.0002574117925757759,0.09466320698751261,6.891920214065813e-05,0.0011306118160088901
481,sett_cutoff,sett_encode_categorical,sett_exclude_subgroups,sett_model,sett_preprocess_age,sett_preprocess_income,sett_stratify_split,,,0.00025692411621873647,0.8541181360340032,7.835128793253325e-05,0.004614537338888757
419,sett_cutoff,sett_exclude_features,sett_exclude_subgroups,sett_model,sett_preprocess_income,sett_scale,,,,0.00025640358850383946,0.17238590016476799,7.206672413475926e-05,0.0028320687079239747
412,sett_cutoff,sett_encode_categorical,sett_model,sett_preprocess_age,sett_preprocess_income,sett_stratify_split,,,,0.00025299812792695185,0.826054574135336,8.309499687744466e-05,0.005174048890829305
476,sett_cutoff,sett_encode_categorical,sett_exclude_features,sett_model,sett_preprocess_age,sett_preprocess_income,sett_stratify_split,,,0.00025133356794271685,0.8696156984519149,0.00010296092077205847,0.004955727258122095
502,sett_cutoff,sett_encode_categorical,sett_exclude_features,sett_exclude_subgroups,sett_model,sett_preprocess_age,sett_preprocess_income,sett_stratify_split,,0.0002512865171694744,0.9289585023009719,5.140342132752123e-05,0.004449008786578496
435,sett_cutoff,sett_exclude_subgroups,sett_preprocess_age,sett_preprocess_income,sett_scale,sett_stratify_split,,,,0.0002494103568395639,0.8111933042909976,6.450691909150551e-05,0.005597216545817702
139,sett_cutoff,sett_encode_categorical,sett_exclude_subgroups,sett_stratify_split,,,,,,0.00024856070701147865,0.7755441086203307,8.256471582881768e-05,0.0055057102665394915
35,sett_model,sett_preprocess_age,,,,,,,,0.0002452834579751264,0.0010780378434636032,7.30580113818896e-05,0.0001867279563278392
294,sett_cutoff,sett_exclude_features,sett_exclude_subgroups,sett_preprocess_age,sett_preprocess_income,,,,,0.0002443432741049484,0.10939863599847119,5.216203881358058e-05,0.0015326342072829108
263,sett_cutoff,sett_encode_categorical,sett_exclude_features,sett_model,sett_stratify_split,,,,,0.00023983181796504344,0.8129473314844275,6.106376824794336e-05,0.004400359150367431
483,sett_cutoff,sett_encode_categorical,sett_exclude_subgroups,sett_model,sett_preprocess_income,sett_scale,sett_stratify_split,,,0.00023976543572245456,0.8832166914512907,0.00010939837672005633,0.006093209171010588
467,sett_cutoff,sett_encode_categorical,sett_exclude_features,sett_exclude_subgroups,sett_model,sett_preprocess_age,sett_stratify_split,,,0.0002393460271775725,0.8596393779042399,8.924002430640328e-05,0.0037763838610092334
378,sett_exclude_subgroups,sett_model,sett_preprocess_income,sett_scale,sett_stratify_split,,,,,0.000238533047261565,0.4181632081915662,4.6098526374251625e-05,0.0041804013483010515
441,sett_encode_categorical,sett_exclude_features,sett_exclude_subgroups,sett_model,sett_preprocess_income,sett_stratify_split,,,,0.00023287914465092057,0.4333617629927996,8.43085357804435e-05,0.004845086078439214
41,sett_preprocess_age,sett_stratify_split,,,,,,,,0.00023264753098025396,0.37225716005030585,7.276835526795453e-05,0.004159803342578228
373,sett_exclude_features,sett_model,sett_preprocess_income,sett_scale,sett_stratify_split,,,,,0.00023108679660769507,0.42637407436164154,0.00011190887997874734,0.004395381991825636
159,sett_cutoff,sett_exclude_features,sett_preprocess_age,sett_preprocess_income,,,,,,0.00022682377219405622,0.09774522706109885,7.021906364755794e-05,0.0011188156349965835
259,sett_cutoff,sett_encode_categorical,sett_exclude_features,sett_exclude_subgroups,sett_stratify_split,,,,,0.0002256657811837948,0.795773213024913,9.74639595324617e-05,0.004654912052132712
324,sett_cutoff,sett_preprocess_age,sett_preprocess_income,sett_scale,sett_stratify_split,,,,,0.0002243683463807254,0.795678469271299,5.4926978324917574e-05,0.0054142478620965665
349,sett_encode_categorical,sett_exclude_subgroups,sett_model,sett_preprocess_income,sett_stratify_split,,,,,0.00022436682423384013,0.4014396130448249,9.561907314064112e-05,0.0037643163365584835
428,sett_cutoff,sett_exclude_features,sett_model,sett_preprocess_age,sett_scale,sett_stratify_split,,,,0.00022253941469349662,0.8314404851107423,5.5276483392485095e-05,0.0039044649062994273
430,sett_cutoff,sett_exclude_features,sett_preprocess_age,sett_preprocess_income,sett_scale,sett_stratify_split,,,,0.0002190663231193993,0.813175726101026,6.451524176898889e-05,0.004721761595313647
165,sett_cutoff,sett_exclude_subgroups,sett_model,sett_preprocess_age,,,,,,0.00021809277646963736,0.09476442743430102,5.915736637022143e-05,0.0010979074229833467
134,sett_cutoff,sett_encode_categorical,sett_exclude_features,sett_stratify_split,,,,,,0.00021753177889192034,0.7773074887170102,7.987406126376651e-05,0.005012787471300098
278,sett_cutoff,sett_encode_categorical,sett_exclude_subgroups,sett_preprocess_income,sett_stratify_split,,,,,0.00021682543326090336,0.791539100393685,5.7619514931629e-05,0.005370623825788339
96,sett_exclude_features,sett_exclude_subgroups,sett_preprocess_income,,,,,,,0.0002134001769344265,0.015909095296390095,5.790658294868303e-05,0.0010970611251025948
247,sett_exclude_subgroups,sett_preprocess_age,sett_preprocess_income,sett_stratify_split,,,,,,0.00021314684240176564,0.3836899640367073,5.0060405531819434e-05,0.00398800732359169
39,sett_preprocess_age,sett_preprocess_income,,,,,,,,0.00021215995061884234,0.0033846210663025598,0.00010834832568303795,0.00047253962905204343
322,sett_cutoff,sett_model,sett_preprocess_age,sett_scale,sett_stratify_split,,,,,0.00021182013122943405,0.7958513152628339,6.798778593525845e-05,0.004646900917036975
382,sett_cutoff,sett_encode_categorical,sett_exclude_features,sett_exclude_subgroups,sett_model,sett_preprocess_income,,,,0.00021086835885257546,0.14271137798374034,0.00012082946035063603,0.002254801076471536
369,sett_exclude_features,sett_exclude_subgroups,sett_preprocess_income,sett_scale,sett_stratify_split,,,,,0.00020707129241029067,0.40892446627413587,5.2718688108774515e-05,0.004423227809693622
320,sett_cutoff,sett_model,sett_preprocess_age,sett_preprocess_income,sett_scale,,,,,0.00020682849824971988,0.13445532138135782,5.618485556741429e-05,0.002829619179327426
142,sett_cutoff,sett_encode_categorical,sett_model,sett_scale,,,,,,0.00020210796529904315,0.09593694652866651,8.85454746488066e-05,0.0011143782963789687
339,sett_encode_categorical,sett_exclude_features,sett_model,sett_preprocess_income,sett_stratify_split,,,,,0.00020205512102301182,0.4100404084527324,7.722037149882104e-05,0.004227849493012983
313,sett_cutoff,sett_exclude_subgroups,sett_model,sett_preprocess_income,sett_scale,,,,,0.0002004391642106587,0.1426572819195418,4.832863384808107e-05,0.002760494292167176
303,sett_cutoff,sett_exclude_features,sett_model,sett_preprocess_income,sett_scale,,,,,0.00019900165810895267,0.14893926342141217,8.651895420592886e-05,0.0028670036740001885
360,sett_exclude_features,sett_exclude_subgroups,sett_model,sett_preprocess_age,sett_preprocess_income,,,,,0.00019766240206293463,0.034529116993222475,4.703246258965101e-05,0.0018517514060378373
226,sett_exclude_features,sett_exclude_subgroups,sett_preprocess_age,sett_stratify_split,,,,,,0.00019501235915729098,0.3913597384243933,4.573556064005011e-05,0.004170406790490789
1,sett_encode_categorical,,,,,,,,,0.00019363189889682407,0.00019363189889682407,5.8226265186185797e-05,5.8226265186185797e-05
230,sett_exclude_features,sett_model,sett_preprocess_age,sett_preprocess_income,,,,,,0.00019322585045048948,0.022004372418494657,6.098930394810206e-05,0.001389372190464495
504,sett_cutoff,sett_encode_categorical,sett_exclude_features,sett_exclude_subgroups,sett_model,sett_preprocess_income,sett_scale,sett_stratify_split,,0.00019173434528668893,0.9585032313237893,4.43384409384514e-05,0.003692621191578666
99,sett_exclude_features,sett_model,sett_preprocess_age,,,,,,,0.00019071438022153186,0.012185618945917485,6.115804337116347e-05,0.0009074639285453865
406,sett_cutoff,sett_encode_categorical,sett_exclude_subgroups,sett_model,sett_scale,sett_stratify_split,,,,0.00018778135321027405,0.8175450307677521,6.185252272580618e-05,0.004946966584799453
472,sett_cutoff,sett_encode_categorical,sett_exclude_features,sett_exclude_subgroups,sett_preprocess_age,sett_preprocess_income,sett_stratify_split,,,0.00018609695583428617,0.8270164623504962,4.950925864918733e-05,0.00411748355471248
271,sett_cutoff,sett_encode_categorical,sett_exclude_subgroups,sett_model,sett_preprocess_income,,,,,0.00018594110035968187,0.11716653986072043,7.097733638725978e-05,0.001452692082231681
393,sett_cutoff,sett_encode_categorical,sett_exclude_features,sett_model,sett_preprocess_age,sett_stratify_split,,,,0.00018577250365523791,0.8198736613287613,6.424011381541538e-05,0.004298775983811658
464,sett_exclude_subgroups,sett_model,sett_preprocess_age,sett_preprocess_income,sett_scale,sett_stratify_split,,,,0.00018559726265804087,0.4234889226348502,3.531515074986627e-05,0.004221418078837293
403,sett_cutoff,sett_encode_categorical,sett_exclude_subgroups,sett_model,sett_preprocess_age,sett_stratify_split,,,,0.00018388988488824852,0.806316400523518,7.421781503252598e-05,0.004431316504169616
424,sett_cutoff,sett_exclude_features,sett_exclude_subgroups,sett_preprocess_age,sett_scale,sett_stratify_split,,,,0.00018371751568625077,0.8092647783647213,5.819233504461141e-05,0.004652703479487924
470,sett_cutoff,sett_encode_categorical,sett_exclude_features,sett_exclude_subgroups,sett_model,sett_scale,sett_stratify_split,,,0.00018305705705674554,0.8748035551397163,6.08186336938697e-05,0.003669341888744225
169,sett_cutoff,sett_exclude_subgroups,sett_preprocess_age,sett_preprocess_income,,,,,,0.00018271952935704217,0.09614867355888487,5.862706523423203e-05,0.0012251484352694927
21,sett_encode_categorical,sett_preprocess_income,,,,,,,,0.00018213773113753172,0.0034107559023925722,6.621377634480803e-05,0.0004983861501200503
478,sett_cutoff,sett_encode_categorical,sett_exclude_features,sett_model,sett_preprocess_income,sett_scale,sett_stratify_split,,,0.0001793324668969394,0.8958865151067329,4.418457844582943e-05,0.004934226720717241
240,sett_exclude_subgroups,sett_model,sett_preprocess_age,sett_preprocess_income,,,,,,0.0001763138099810259,0.01590268842198834,3.936162142347462e-05,0.0008941816350579386
500,sett_exclude_features,sett_exclude_subgroups,sett_model,sett_preprocess_age,sett_preprocess_income,sett_scale,sett_stratify_split,,,0.00017547402698913232,0.4657555121654538,3.256277959321291e-05,0.005462465274376099
431,sett_cutoff,sett_exclude_subgroups,sett_model,sett_preprocess_age,sett_preprocess_income,sett_scale,,,,0.000175134142475433,0.14767810442504647,5.079908324263143e-05,0.0027840660345845834
54,sett_cutoff,sett_exclude_features,sett_preprocess_age,,,,,,,0.0001739757095289828,0.08793823420324856,7.042171156946452e-05,0.0010277242104257153
380,sett_model,sett_preprocess_age,sett_preprocess_income,sett_scale,sett_stratify_split,,,,,0.0001719456732951916,0.4078010379616687,3.22408631347598e-05,0.004057386944392867
463,sett_exclude_features,sett_model,sett_preprocess_age,sett_preprocess_income,sett_scale,sett_stratify_split,,,,0.00017119771256002216,0.43188858849098544,4.435458214610341e-05,0.004469704888760601
398,sett_cutoff,sett_encode_categorical,sett_exclude_features,sett_preprocess_age,sett_preprocess_income,sett_stratify_split,,,,0.00017006367913065864,0.7995031157661979,6.327810011010506e-05,0.004567939236863899
56,sett_cutoff,sett_exclude_features,sett_scale,,,,,,,0.00016954109039908882,0.09211359555055088,7.947943268257844e-05,0.0008944416208872345
318,sett_cutoff,sett_exclude_subgroups,sett_preprocess_age,sett_scale,sett_stratify_split,,,,,0.00016821930801386785,0.7838638585737271,7.495919377778643e-05,0.005401243677109487
460,sett_exclude_features,sett_exclude_subgroups,sett_model,sett_preprocess_age,sett_scale,sett_stratify_split,,,,0.00016702332961750845,0.4320251470390728,6.115241043393018e-05,0.00465112130402911
47,sett_cutoff,sett_encode_categorical,sett_model,,,,,,,0.00016577923357142664,0.08670149600274749,5.415378656659536e-05,0.0009779848213979914
486,sett_cutoff,sett_exclude_features,sett_exclude_subgroups,sett_model,sett_preprocess_age,sett_preprocess_income,sett_scale,,,0.00016489919270833766,0.18217682980053523,4.733430899487506e-05,0.0030233863979764655
151,sett_cutoff,sett_exclude_features,sett_exclude_subgroups,sett_preprocess_age,,,,,,0.0001615786558439081,0.09798707403560633,5.443285434597481e-05,0.0012850167618643248
32,sett_exclude_subgroups,sett_preprocess_income,,,,,,,,0.00015931382931696141,0.006637454655567362,5.202290244788386e-05,0.0006542521645522797
23,sett_encode_categorical,sett_stratify_split,,,,,,,,0.0001584168202809319,0.3722390863951778,5.424728290597918e-05,0.004154104461714128
285,sett_cutoff,sett_encode_categorical,sett_model,sett_scale,sett_stratify_split,,,,,0.00015835916579342148,0.7957608987653882,4.0316866546157426e-05,0.005094043923981047
261,sett_cutoff,sett_encode_categorical,sett_exclude_features,sett_model,sett_preprocess_income,,,,,0.00015615873259520194,0.12364615939224227,7.419406613189776e-05,0.0017365693540458821
220,sett_exclude_features,sett_exclude_subgroups,sett_model,sett_preprocess_age,,,,,,0.0001561517424736137,0.02312931932140809,5.948329881474447e-05,0.0015174609304413717
474,sett_cutoff,sett_encode_categorical,sett_exclude_features,sett_exclude_subgroups,sett_preprocess_income,sett_scale,sett_stratify_split,,,0.00015604753570381115,0.8408178079848158,5.018590702878457e-05,0.0049127021010341426
328,sett_encode_categorical,sett_exclude_features,sett_exclude_subgroups,sett_model,sett_stratify_split,,,,,0.0001557084205143659,0.413504135193825,6.204341480676893e-05,0.004490660660688589
287,sett_cutoff,sett_encode_categorical,sett_preprocess_age,sett_preprocess_income,sett_stratify_split,,,,,0.00015531065678591144,0.7833765456059221,6.767880475021388e-05,0.005318500923794872
115,sett_exclude_subgroups,sett_preprocess_age,sett_stratify_split,,,,,,,0.00015422774905162937,0.37770561843599876,5.068151294492094e-05,0.004251453770988296
280,sett_cutoff,sett_encode_categorical,sett_model,sett_preprocess_age,sett_preprocess_income,,,,,0.00015314489371924002,0.11084457030744384,8.213635838009025e-05,0.0016052976878901393
485,sett_cutoff,sett_encode_categorical,sett_model,sett_preprocess_age,sett_preprocess_income,sett_scale,sett_stratify_split,,,0.00015028018204483318,0.8646239226353474,4.7436197346657006e-05,0.0064540623377844445
408,sett_cutoff,sett_encode_categorical,sett_exclude_subgroups,sett_preprocess_age,sett_preprocess_income,sett_stratify_split,,,,0.00014944085081063904,0.7968559371522346,4.8861164821539526e-05,0.0052948887692996945
105,sett_exclude_features,sett_preprocess_age,sett_stratify_split,,,,,,,0.00014909060517480537,0.3796600760612081,5.432702217413302e-05,0.004008370595347534
297,sett_cutoff,sett_exclude_features,sett_exclude_subgroups,sett_preprocess_income,sett_scale,,,,,0.0001469878128935877,0.12180221280680859,3.975820435605173e-05,0.0018003777148195075
249,sett_exclude_subgroups,sett_preprocess_income,sett_scale,sett_stratify_split,,,,,,0.0001463012785711902,0.3914417842994382,5.3346331981924604e-05,0.004177471989663326
387,sett_cutoff,sett_encode_categorical,sett_exclude_features,sett_exclude_subgroups,sett_preprocess_age,sett_stratify_split,,,,0.0001459265749147445,0.8002825306393048,5.276554351594732e-05,0.004491083700944201
377,sett_exclude_subgroups,sett_model,sett_preprocess_age,sett_scale,sett_stratify_split,,,,,0.00014502657921934594,0.39771185935969183,4.707483798686793e-05,0.004118840747033285
410,sett_cutoff,sett_encode_categorical,sett_exclude_subgroups,sett_preprocess_income,sett_scale,sett_stratify_split,,,,0.00014293848879713518,0.8097509551623234,6.849705894544311e-05,0.005830794632781333
417,sett_cutoff,sett_exclude_features,sett_exclude_subgroups,sett_model,sett_preprocess_age,sett_scale,,,,0.00014273385821305602,0.1339249961797879,5.084599505049215e-05,0.002168571708484135
333,sett_encode_categorical,sett_exclude_features,sett_exclude_subgroups,sett_preprocess_income,sett_stratify_split,,,,,0.00014139612584250166,0.39871988115197665,3.7095095766031284e-05,0.003951268333036884
358,sett_encode_categorical,sett_model,sett_preprocess_income,sett_scale,sett_stratify_split,,,,,0.00013945977429244638,0.40805022701339505,5.87022918374807e-05,0.004095828900963465
282,sett_cutoff,sett_encode_categorical,sett_model,sett_preprocess_age,sett_stratify_split,,,,,0.00013928417536334596,0.7873662807447547,5.294280317048444e-05,0.00487201531401149
193,sett_encode_categorical,sett_exclude_features,sett_model,sett_stratify_split,,,,,,0.0001381312434137877,0.3943860547020664,5.670188652066235e-05,0.004002508177118442
396,sett_cutoff,sett_encode_categorical,sett_exclude_features,sett_model,sett_scale,sett_stratify_split,,,,0.00013758133355335742,0.8293694268227887,5.331104163386709e-05,0.004323800200713328
5,sett_preprocess_age,,,,,,,,,0.00013747484332550085,0.00013747484332550085,3.441206980083635e-05,3.441206980083635e-05
426,sett_cutoff,sett_exclude_features,sett_model,sett_preprocess_age,sett_preprocess_income,sett_scale,,,,0.00013668483579602964,0.15430556763887276,3.195632767600359e-05,0.0027983159567527053
356,sett_encode_categorical,sett_model,sett_preprocess_age,sett_preprocess_income,sett_stratify_split,,,,,0.00013555667807466445,0.39345920509081184,4.0613191659903055e-05,0.003915431253601474
308,sett_cutoff,sett_exclude_features,sett_preprocess_age,sett_scale,sett_stratify_split,,,,,0.00013444884236231923,0.7853037539711734,5.073609405027877e-05,0.0047694404973170155
83,sett_encode_categorical,sett_exclude_subgroups,sett_stratify_split,,,,,,,0.00013436364339410652,0.3776767287573034,6.000690258077011e-05,0.004189656150198666
453,sett_encode_categorical,sett_exclude_subgroups,sett_model,sett_preprocess_age,sett_preprocess_income,sett_stratify_split,,,,0.00013303923665788545,0.4063628245098436,3.454589555512564e-05,0.0037306159445298585
381,sett_cutoff,sett_encode_categorical,sett_exclude_features,sett_exclude_subgroups,sett_model,sett_preprocess_age,,,,0.00013288122953661091,0.11994754951382668,9.975639235019496e-05,0.0022901916032988328
411,sett_cutoff,sett_encode_categorical,sett_model,sett_preprocess_age,sett_preprocess_income,sett_scale,,,,0.00013172707661597858,0.1396196099503571,6.503223993936408e-05,0.003272730485483467
494,sett_encode_categorical,sett_exclude_features,sett_exclude_subgroups,sett_model,sett_preprocess_age,sett_preprocess_income,sett_stratify_split,,,0.00012997256005579637,0.44320567590859294,3.3575553203390584e-05,0.005038396581495984
363,sett_exclude_features,sett_exclude_subgroups,sett_model,sett_preprocess_income,sett_scale,,,,,0.0001296331382494161,0.052326451073896704,3.925449457645981e-05,0.002058192539315649
311,sett_cutoff,sett_exclude_subgroups,sett_model,sett_preprocess_age,sett_scale,,,,,0.00012924860562106403,0.10629697666952034,4.8229765183835295e-05,0.0011756310087813252
279,sett_cutoff,sett_encode_categorical,sett_exclude_subgroups,sett_scale,sett_stratify_split,,,,,0.00012878038368983972,0.7830802004930523,6.351244175449014e-05,0.005537778736252773
198,sett_encode_categorical,sett_exclude_features,sett_preprocess_income,sett_stratify_split,,,,,,0.00012813356650607334,0.38565759556246615,3.5855302435438965e-05,0.00387222897172474
390,sett_cutoff,sett_encode_categorical,sett_exclude_features,sett_exclude_subgroups,sett_scale,sett_stratify_split,,,,0.0001276329087432098,0.8074761867476581,5.2440278221427626e-05,0.004791705820182394
462,sett_exclude_features,sett_exclude_subgroups,sett_preprocess_age,sett_preprocess_income,sett_scale,sett_stratify_split,,,,0.0001275831222769184,0.412683756755869,3.1125072385164897e-05,0.0045124160802301454
448,sett_encode_categorical,sett_exclude_features,sett_model,sett_preprocess_age,sett_preprocess_income,sett_stratify_split,,,,0.00012652676864156794,0.4152838668489556,4.31461034622177e-05,0.004382588562190891
439,sett_encode_categorical,sett_exclude_features,sett_exclude_subgroups,sett_model,sett_preprocess_age,sett_stratify_split,,,,0.00012591150695101758,0.41759193787670174,4.727646392832996e-05,0.004348956470252877
379,sett_exclude_subgroups,sett_preprocess_age,sett_preprocess_income,sett_scale,sett_stratify_split,,,,,0.00012570228961391997,0.39337443132607963,3.922784493658005e-05,0.004217305596287765
401,sett_cutoff,sett_encode_categorical,sett_exclude_subgroups,sett_model,sett_preprocess_age,sett_preprocess_income,,,,0.00012558624427878423,0.1218407918884792,4.922772407487398e-05,0.0017551439400702127
255,sett_cutoff,sett_encode_categorical,sett_exclude_features,sett_exclude_subgroups,sett_model,,,,,0.0001251967777639997,0.1159307573567642,5.584880072968482e-05,0.00204220819574193
239,sett_exclude_features,sett_preprocess_income,sett_scale,sett_stratify_split,,,,,,0.00012426312122033618,0.39342759695484397,6.350834027805664e-05,0.0041806661689056815
507,sett_cutoff,sett_encode_categorical,sett_exclude_subgroups,sett_model,sett_preprocess_age,sett_preprocess_income,sett_scale,sett_stratify_split,,0.00012421991258487712,0.9036744935257518,3.5205356441610425e-05,0.006364979655133852
203,sett_encode_categorical,sett_exclude_subgroups,sett_model,sett_stratify_split,,,,,,0.00012368362634364603,0.3862122894946222,5.326000324297724e-05,0.004011930530313068
400,sett_cutoff,sett_encode_categorical,sett_exclude_features,sett_preprocess_income,sett_scale,sett_stratify_split,,,,0.00012324224597239674,0.8113632727703342,3.787441086653683e-05,0.005163917021241395
208,sett_encode_categorical,sett_exclude_subgroups,sett_preprocess_income,sett_stratify_split,,,,,,0.00012246023874171538,0.3834551081312839,4.737864093311671e-05,0.003907426780001355
372,sett_exclude_features,sett_model,sett_preprocess_age,sett_scale,sett_stratify_split,,,,,0.00012223384126744483,0.4055311053187351,3.730050061266613e-05,0.003946229071975592
128,sett_preprocess_income,sett_scale,sett_stratify_split,,,,,,,0.00012143735917328577,0.38413915469774595,8.069101470110645e-05,0.004073398711475322
422,sett_cutoff,sett_exclude_features,sett_exclude_subgroups,sett_preprocess_age,sett_preprocess_income,sett_scale,,,,0.00011874385693865063,0.12546291600177895,3.7617258696482526e-05,0.0020895910527126984
86,sett_encode_categorical,sett_model,sett_scale,,,,,,,0.00011793967782023264,0.008444053855436062,4.620904127416371e-05,0.0006927064567608464
59,sett_cutoff,sett_exclude_subgroups,sett_preprocess_age,,,,,,,0.00011717189169632728,0.08667532627688909,4.2760359257796415e-05,0.0010948860567236767
465,sett_cutoff,sett_encode_categorical,sett_exclude_features,sett_exclude_subgroups,sett_model,sett_preprocess_age,sett_preprocess_income,,,0.00011682255972314088,0.15189661899781864,4.3384804614567414e-05,0.0028273315227975966
276,sett_cutoff,sett_encode_categorical,sett_exclude_subgroups,sett_preprocess_age,sett_stratify_split,,,,,0.000116770811709077,0.7779556778767304,5.539350300207639e-05,0.005412398369399238
224,sett_exclude_features,sett_exclude_subgroups,sett_preprocess_age,sett_preprocess_income,,,,,,0.00011551873930530061,0.016794703763365795,2.2074901341359303e-05,0.001159238168524564
172,sett_cutoff,sett_exclude_subgroups,sett_preprocess_income,sett_scale,,,,,,0.00011529849616010891,0.10738065811485152,6.315820737308777e-05,0.0016922527876444672
78,sett_encode_categorical,sett_exclude_features,sett_stratify_split,,,,,,,0.00011523724093903537,0.3795750465702599,3.9565047783701575e-05,0.003996624506386041
257,sett_cutoff,sett_encode_categorical,sett_exclude_features,sett_exclude_subgroups,sett_preprocess_income,,,,,0.00011436326159493639,0.10831120203308015,4.589661730181011e-05,0.001424844356324049
109,sett_exclude_subgroups,sett_model,sett_preprocess_age,,,,,,,0.00011394713180152832,0.006335094573674175,5.198450054965103e-05,0.0004092336784892827
289,sett_cutoff,sett_encode_categorical,sett_preprocess_income,sett_scale,sett_stratify_split,,,,,0.00011336507852465668,0.7951650982152514,4.747989734579288e-05,0.005779196893211792
455,sett_encode_categorical,sett_exclude_subgroups,sett_model,sett_preprocess_income,sett_scale,sett_stratify_split,,,,0.00011284331180522075,0.4226893187694265,5.221218393194443e-05,0.003950663710875172
233,sett_exclude_features,sett_model,sett_preprocess_income,sett_scale,,,,,,0.00011226820050478227,0.03706772916985786,6.19743834769453e-05,0.0018812124338680283
181,sett_cutoff,sett_preprocess_age,sett_preprocess_income,sett_scale,,,,,,0.00011194980124437758,0.10203279806070675,5.692323944233821e-05,0.0016052955747019803
243,sett_exclude_subgroups,sett_model,sett_preprocess_income,sett_scale,,,,,,0.00011181417967872833,0.031164518537208703,4.376191334274716e-05,0.0016569103518366223
506,sett_cutoff,sett_encode_categorical,sett_exclude_features,sett_model,sett_preprocess_age,sett_preprocess_income,sett_scale,sett_stratify_split,,0.00011123890959569765,0.9173974041846442,2.643926012503894e-05,0.004375177823216501
183,sett_cutoff,sett_preprocess_age,sett_scale,sett_stratify_split,,,,,,0.0001106616641182569,0.7719187078210465,4.60138804972909e-05,0.005273046443960395
503,sett_cutoff,sett_encode_categorical,sett_exclude_features,sett_exclude_subgroups,sett_model,sett_preprocess_age,sett_scale,sett_stratify_split,,0.00010961127661916353,0.8923580965941307,4.238177545541883e-05,0.003556046860259513
391,sett_cutoff,sett_encode_categorical,sett_exclude_features,sett_model,sett_preprocess_age,sett_preprocess_income,,,,0.00010385551626254202,0.12874683016531133,4.8498603678228624e-05,0.002025599459597298
316,sett_cutoff,sett_exclude_subgroups,sett_preprocess_age,sett_preprocess_income,sett_scale,,,,,0.00010356317968244837,0.10935254767356681,3.247269118094043e-05,0.0018060637445931173
510,sett_cutoff,sett_encode_categorical,sett_exclude_features,sett_exclude_subgroups,sett_model,sett_preprocess_age,sett_preprocess_income,sett_scale,sett_stratify_split,0.00010353550063201207,1.0000000000000013,2.0239619588876492e-05,8.32273971597282e-15
248,sett_exclude_subgroups,sett_preprocess_age,sett_scale,sett_stratify_split,,,,,,0.00010245771001548544,0.38304960325699355,5.537978361478207e-05,0.0042386028741300584
103,sett_exclude_features,sett_preprocess_age,sett_preprocess_income,,,,,,,0.00010173709285122805,0.009015326622685674,3.1361818923117856e-05,0.0007032014401822431
326,sett_encode_categorical,sett_exclude_features,sett_exclude_subgroups,sett_model,sett_preprocess_income,,,,,0.00010145585775143425,0.03401404822363193,4.822440519828354e-05,0.0015940775732811352
176,sett_cutoff,sett_model,sett_preprocess_age,sett_scale,,,,,,0.0001008413680572523,0.09593815538780308,3.177547394887081e-05,0.0009894955733648328
266,sett_cutoff,sett_encode_categorical,sett_exclude_features,sett_preprocess_age,sett_stratify_split,,,,,0.00010060676826023117,0.7798056942083856,3.0336775849188255e-05,0.004786177176227532
374,sett_exclude_features,sett_preprocess_age,sett_preprocess_income,sett_scale,sett_stratify_split,,,,,9.993123443908272e-05,0.395326397568566,4.263495157068908e-05,0.004150280835618838
113,sett_exclude_subgroups,sett_preprocess_age,sett_preprocess_income,,,,,,,9.975462241315478e-05,0.007158323661686031,3.436132184031382e-05,0.000672845909529794
404,sett_cutoff,sett_encode_categorical,sett_exclude_subgroups,sett_model,sett_preprocess_income,sett_scale,,,,9.945035611081115e-05,0.14800276981668575,4.049465479555799e-05,0.003025914281635405
252,sett_model,sett_preprocess_age,sett_scale,sett_stratify_split,,,,,,9.847183970340704e-05,0.3855266467828763,3.007858513820786e-05,0.0038389113682081137
368,sett_exclude_features,sett_exclude_subgroups,sett_preprocess_age,sett_scale,sett_stratify_split,,,,,9.82827513562395e-05,0.3993166300899506,4.634434693142611e-05,0.004255201530897209
450,sett_encode_categorical,sett_exclude_features,sett_model,sett_preprocess_income,sett_scale,sett_stratify_split,,,,9.7454903756904e-05,0.43073018501628835,2.9672576754918333e-05,0.004145767844132571
477,sett_cutoff,sett_encode_categorical,sett_exclude_features,sett_model,sett_preprocess_age,sett_scale,sett_stratify_split,,,9.701508020934361e-05,0.8384058784433723,5.113953833299594e-05,0.003995138223760803
496,sett_encode_categorical,sett_exclude_features,sett_exclude_subgroups,sett_model,sett_preprocess_income,sett_scale,sett_stratify_split,,,9.546409895911574e-05,0.4621640570682186,2.4393037022188783e-05,0.004749395896324752
135,sett_cutoff,sett_encode_categorical,sett_exclude_subgroups,sett_model,,,,,,9.538391393199466e-05,0.09432907884308628,2.8985628861893282e-05,0.0010921022790268335
306,sett_cutoff,sett_exclude_features,sett_preprocess_age,sett_preprocess_income,sett_scale,,,,,9.500168507235146e-05,0.11068834741556542,2.7426362420956098e-05,0.0015312824847624172
482,sett_cutoff,sett_encode_categorical,sett_exclude_subgroups,sett_model,sett_preprocess_age,sett_scale,sett_stratify_split,,,9.479827981215989e-05,0.8260476674811962,3.0525644406706276e-05,0.00476710313325093
270,sett_cutoff,sett_encode_categorical,sett_exclude_subgroups,sett_model,sett_preprocess_age,,,,,9.394496036086193e-05,0.0963194337514422,4.245948743976625e-05,0.0011667248769783385
444,sett_encode_categorical,sett_exclude_features,sett_exclude_subgroups,sett_preprocess_age,sett_preprocess_income,sett_stratify_split,,,,9.388895713172566e-05,0.4021944706058674,2.447295609116496e-05,0.003999321348969092
301,sett_cutoff,sett_exclude_features,sett_model,sett_preprocess_age,sett_scale,,,,,9.312822751555526e-05,0.11238474144872367,3.144277500210849e-05,0.0013625616099559878
162,sett_cutoff,sett_exclude_features,sett_preprocess_income,sett_scale,,,,,,9.27461715804771e-05,0.10865772759917662,4.476752132324139e-05,0.0014437168414628446
137,sett_cutoff,sett_encode_categorical,sett_exclude_subgroups,sett_preprocess_income,,,,,,9.263378202695294e-05,0.09571926242254693,3.622280188089128e-05,0.0012105407217242751
140,sett_cutoff,sett_encode_categorical,sett_model,sett_preprocess_age,,,,,,9.191230110541554e-05,0.08796103167717437,5.1185916503928636e-05,0.0009760348793619687
95,sett_exclude_features,sett_exclude_subgroups,sett_preprocess_age,,,,,,,9.180091494928412e-05,0.012455191837757857,2.973967848555279e-05,0.0008655969245221292
250,sett_model,sett_preprocess_age,sett_preprocess_income,sett_scale,,,,,,9.148371835759042e-05,0.0249339467720939,3.258441198253429e-05,0.0018281794801864337
91,sett_encode_categorical,sett_preprocess_income,sett_scale,,,,,,,9.012109217600449e-05,0.010659087140111632,6.250422168408302e-05,0.0010715991303605586
375,sett_exclude_subgroups,sett_model,sett_preprocess_age,sett_preprocess_income,sett_scale,,,,,8.927229329205971e-05,0.032924999662816354,2.3440635740981162e-05,0.0017329865914124723
210,sett_encode_categorical,sett_model,sett_preprocess_age,sett_preprocess_income,,,,,,8.813325950313035e-05,0.011272316752803001,4.679464874318937e-05,0.0010380371481756817
415,sett_cutoff,sett_encode_categorical,sett_preprocess_age,sett_preprocess_income,sett_scale,sett_stratify_split,,,,8.746246716478702e-05,0.7993839347623111,4.2840710242511386e-05,0.005643423035934302
347,sett_encode_categorical,sett_exclude_subgroups,sett_model,sett_preprocess_age,sett_stratify_split,,,,,8.717247939624568e-05,0.38824545764568574,2.9437234117566855e-05,0.003882116863079983
413,sett_cutoff,sett_encode_categorical,sett_model,sett_preprocess_age,sett_scale,sett_stratify_split,,,,8.714774102544227e-05,0.8005179288694511,3.38359064949881e-05,0.004907304194947128
189,sett_encode_categorical,sett_exclude_features,sett_exclude_subgroups,sett_stratify_split,,,,,,8.696392929562994e-05,0.3911170843916392,2.058642350596538e-05,0.004084168261924101
260,sett_cutoff,sett_encode_categorical,sett_exclude_features,sett_model,sett_preprocess_age,,,,,8.628367672110549e-05,0.1026674844113923,5.6061899913091546e-05,0.001528789127467169
201,sett_encode_categorical,sett_exclude_subgroups,sett_model,sett_preprocess_income,,,,,,8.606970003309356e-05,0.016023144599893385,3.38960427858712e-05,0.0008102634852962744
337,sett_encode_categorical,sett_exclude_features,sett_model,sett_preprocess_age,sett_stratify_split,,,,,8.574690792036068e-05,0.3965186450677954,3.623082642000535e-05,0.003935335130838128
342,sett_encode_categorical,sett_exclude_features,sett_preprocess_age,sett_preprocess_income,sett_stratify_split,,,,,8.558566985026841e-05,0.3874640252982835,3.565522726283416e-05,0.003880833598198643
116,sett_exclude_subgroups,sett_preprocess_income,sett_scale,,,,,,,8.5196436780295e-05,0.014592003704651803,5.417772102436834e-05,0.0011228606939837264
505,sett_cutoff,sett_encode_categorical,sett_exclude_features,sett_exclude_subgroups,sett_preprocess_age,sett_preprocess_income,sett_scale,sett_stratify_split,,8.489383962190793e-05,0.8559935084047435,2.5596131804534924e-05,0.004525042089024063
254,sett_preprocess_age,sett_preprocess_income,sett_scale,sett_stratify_split,,,,,,8.482950568949044e-05,0.38522013778226405,3.034954559405736e-05,0.004079104554292515
385,sett_cutoff,sett_encode_categorical,sett_exclude_features,sett_exclude_subgroups,sett_preprocess_age,sett_preprocess_income,,,,8.384038743822516e-05,0.11171471978333805,3.131522281232369e-05,0.0016287784589880973
130,sett_cutoff,sett_encode_categorical,sett_exclude_features,sett_model,,,,,,8.325908974546635e-05,0.10038333298305183,4.125639658416955e-05,0.0013776241335165286
132,sett_cutoff,sett_encode_categorical,sett_exclude_features,sett_preprocess_income,,,,,,8.312061540595863e-05,0.09714873686997808,2.992714440220394e-05,0.0010682627743832777
468,sett_cutoff,sett_encode_categorical,sett_exclude_features,sett_exclude_subgroups,sett_model,sett_preprocess_income,sett_scale,,,8.297314996704646e-05,0.1797911302400106,2.167892950395545e-05,0.0025423078184803587
295,sett_cutoff,sett_exclude_features,sett_exclude_subgroups,sett_preprocess_age,sett_scale,,,,,8.253519613540339e-05,0.10540324999197706,3.4541521702080814e-05,0.001300826864726035
18,sett_encode_categorical,sett_exclude_subgroups,,,,,,,,8.052767185138374e-05,0.003717314124640391,3.275649063739834e-05,0.0004232873536891254
149,sett_cutoff,sett_encode_categorical,sett_scale,sett_stratify_split,,,,,,8.022041502396307e-05,0.7713592489953239,3.8093983119316203e-05,0.005462008366570571
458,sett_exclude_features,sett_exclude_subgroups,sett_model,sett_preprocess_age,sett_preprocess_income,sett_scale,,,,8.013558848667205e-05,0.05562802273600708,2.355917979547792e-05,0.002218578426911745
484,sett_cutoff,sett_encode_categorical,sett_exclude_subgroups,sett_preprocess_age,sett_preprocess_income,sett_scale,sett_stratify_split,,,8.013152579075154e-05,0.8173083652697607,2.4574424760644025e-05,0.005821801886844293
106,sett_exclude_features,sett_preprocess_income,sett_scale,,,,,,,7.954808168995708e-05,0.01636228072754564,3.68769075592666e-05,0.0011580745187022
146,sett_cutoff,sett_encode_categorical,sett_preprocess_age,sett_stratify_split,,,,,,7.815371711770781e-05,0.7676367191077926,2.4891952560920803e-05,0.005407828179325643
227,sett_exclude_features,sett_exclude_subgroups,sett_preprocess_income,sett_scale,,,,,,7.750910559228545e-05,0.02549282906728145,3.262884290278954e-05,0.001487440049314382
46,sett_cutoff,sett_encode_categorical,sett_exclude_subgroups,,,,,,,7.701873804499181e-05,0.08636297265705105,3.120149708112364e-05,0.0011167330618151198
457,sett_encode_categorical,sett_model,sett_preprocess_age,sett_preprocess_income,sett_scale,sett_stratify_split,,,,7.675945523775478e-05,0.4118251710512062,2.300993842099994e-05,0.004045554685302413
331,sett_encode_categorical,sett_exclude_features,sett_exclude_subgroups,sett_preprocess_age,sett_stratify_split,,,,,7.582414538734429e-05,0.39250953536694516,2.6834800790491973e-05,0.0040531929225039775
442,sett_encode_categorical,sett_exclude_features,sett_exclude_subgroups,sett_model,sett_scale,sett_stratify_split,,,,7.541247272941674e-05,0.4307003535963875,2.305856260228852e-05,0.004515070093227723
185,sett_encode_categorical,sett_exclude_features,sett_exclude_subgroups,sett_model,,,,,,7.452747508380841e-05,0.02306443168556506,3.247851014756088e-05,0.00145754046575867
473,sett_cutoff,sett_encode_categorical,sett_exclude_features,sett_exclude_subgroups,sett_preprocess_age,sett_scale,sett_stratify_split,,,7.439794207607371e-05,0.8138072779804852,2.5704219723988932e-05,0.004533092782516071
352,sett_encode_categorical,sett_exclude_subgroups,sett_preprocess_age,sett_preprocess_income,sett_stratify_split,,,,,7.381933829467033e-05,0.38521481113085493,2.142571489095348e-05,0.003910224654855887
370,sett_exclude_features,sett_model,sett_preprocess_age,sett_preprocess_income,sett_scale,,,,,7.361667753617423e-05,0.03886362758644957,2.1195666447125526e-05,0.0019013809431062318
269,sett_cutoff,sett_encode_categorical,sett_exclude_features,sett_scale,sett_stratify_split,,,,,7.347161033914839e-05,0.7842863801657441,3.6379812862273956e-05,0.005066920102738529
212,sett_encode_categorical,sett_model,sett_preprocess_age,sett_stratify_split,,,,,,7.283987742325658e-05,0.3785944317637202,3.472122730451129e-05,0.003901052195244933
394,sett_cutoff,sett_encode_categorical,sett_exclude_features,sett_model,sett_preprocess_income,sett_scale,,,,7.217264262448525e-05,0.15403896635851677,3.4164230349131134e-05,0.0028803067047086755
274,sett_cutoff,sett_encode_categorical,sett_exclude_subgroups,sett_preprocess_age,sett_preprocess_income,,,,,7.17619197824148e-05,0.09754917158632641,2.458773190486541e-05,0.0013272219305478954
479,sett_cutoff,sett_encode_categorical,sett_exclude_features,sett_preprocess_age,sett_preprocess_income,sett_scale,sett_stratify_split,,,7.157904516599589e-05,0.8190764620790432,2.189524220062438e-05,0.004697435045283272
31,sett_exclude_subgroups,sett_preprocess_age,,,,,,,,7.147958976117151e-05,0.0036521089869788565,4.0881283384432366e-05,0.0004237308201103999
256,sett_cutoff,sett_encode_categorical,sett_exclude_features,sett_exclude_subgroups,sett_preprocess_age,,,,,7.134880472205396e-05,0.09885451256205471,4.3758298497385816e-05,0.0012905002723938316
383,sett_cutoff,sett_encode_categorical,sett_exclude_features,sett_exclude_subgroups,sett_model,sett_scale,,,,7.110141228179254e-05,0.1323204883791807,2.4304545869732208e-05,0.00198555965757882
129,sett_cutoff,sett_encode_categorical,sett_exclude_features,sett_exclude_subgroups,,,,,,7.098939265745768e-05,0.0973997534552025,2.2784620392593937e-05,0.0012967452724374454
264,sett_cutoff,sett_encode_categorical,sett_exclude_features,sett_preprocess_age,sett_preprocess_income,,,,,7.091221393239728e-05,0.0990515158042355,3.350511842255503e-05,0.0011654610542088809
361,sett_exclude_features,sett_exclude_subgroups,sett_model,sett_preprocess_age,sett_scale,,,,,7.090393413681271e-05,0.03519095883378419,3.150624755373104e-05,0.0017486359795101521
215,sett_encode_categorical,sett_model,sett_scale,sett_stratify_split,,,,,,6.960617635521363e-05,0.38580096987470525,2.8396851466060355e-05,0.00385061441065492
191,sett_encode_categorical,sett_exclude_features,sett_model,sett_preprocess_income,,,,,,6.89743230271669e-05,0.021946049738771747,4.386491424639033e-05,0.001249067983952438
22,sett_encode_categorical,sett_scale,,,,,,,,6.860815088356274e-05,0.0036834846255538183,4.577420723282076e-05,0.00035182522835174794
144,sett_cutoff,sett_encode_categorical,sett_preprocess_age,sett_preprocess_income,,,,,,6.83283484744414e-05,0.09126385852938967,3.243895698658777e-05,0.0011448172408918538
325,sett_encode_categorical,sett_exclude_features,sett_exclude_subgroups,sett_model,sett_preprocess_age,,,,,6.777782343024482e-05,0.024420117429548173,5.155509162008798e-05,0.0015447659649846235
480,sett_cutoff,sett_encode_categorical,sett_exclude_subgroups,sett_model,sett_preprocess_age,sett_preprocess_income,sett_scale,,,6.771694505381958e-05,0.1547437426106748,3.651109950264244e-05,0.0033080300844448023
354,sett_encode_categorical,sett_exclude_subgroups,sett_preprocess_income,sett_scale,sett_stratify_split,,,,,6.66200814037652e-05,0.3929947365835829,2.2764653337849564e-05,0.00411192063990774
350,sett_encode_categorical,sett_exclude_subgroups,sett_model,sett_scale,sett_stratify_split,,,,,6.63817429729388e-05,0.3975672415999415,2.7214065417201465e-05,0.004064952630516205
241,sett_exclude_subgroups,sett_model,sett_preprocess_age,sett_scale,,,,,,6.551029017695506e-05,0.014969500167574925,2.785487224902053e-05,0.000684142659244479
79,sett_encode_categorical,sett_exclude_subgroups,sett_model,,,,,,,6.541156117551047e-05,0.0065759011144027185,2.1910499432619083e-05,0.00041059671538726066
238,sett_exclude_features,sett_preprocess_age,sett_scale,sett_stratify_split,,,,,,6.502814601369482e-05,0.3847058733141613,2.819148513944648e-05,0.004021513995175617
345,sett_encode_categorical,sett_exclude_subgroups,sett_model,sett_preprocess_age,sett_preprocess_income,,,,,6.484186394015378e-05,0.017695996954483324,2.672257037924067e-05,0.0009726515665654464
499,sett_encode_categorical,sett_exclude_subgroups,sett_model,sett_preprocess_age,sett_preprocess_income,sett_scale,sett_stratify_split,,,6.376919026650765e-05,0.4296032819648317,1.6936939720711607e-05,0.0039247630258986265
170,sett_cutoff,sett_exclude_subgroups,sett_preprocess_age,sett_scale,,,,,,6.365174171576314e-05,0.09193828284982325,3.626039940179505e-05,0.0010927151351721937
272,sett_cutoff,sett_encode_categorical,sett_exclude_subgroups,sett_model,sett_scale,,,,,6.332757705487109e-05,0.10595367968461139,2.1703946121878747e-05,0.0011302360300445558
446,sett_encode_categorical,sett_exclude_features,sett_exclude_subgroups,sett_preprocess_income,sett_scale,sett_stratify_split,,,,6.319388773839766e-05,0.41143253629295357,1.5271169709897512e-05,0.004309269519562372
437,sett_encode_categorical,sett_exclude_features,sett_exclude_subgroups,sett_model,sett_preprocess_age,sett_preprocess_income,,,,6.166489296359669e-05,0.037157086257733826,2.197094478676021e-05,0.0018026694346499029
344,sett_encode_categorical,sett_exclude_features,sett_preprocess_income,sett_scale,sett_stratify_split,,,,,6.163911703605488e-05,0.3948995434872963,2.1542170739649088e-05,0.004122487021302512
348,sett_encode_categorical,sett_exclude_subgroups,sett_model,sett_preprocess_income,sett_scale,,,,,6.146786917034303e-05,0.0333693586381259,2.969658929164987e-05,0.0016299438762051926
45,sett_cutoff,sett_encode_categorical,sett_exclude_features,,,,,,,6.146057211101814e-05,0.08751136804596932,3.311013099276226e-05,0.0010407163014678113
187,sett_encode_categorical,sett_exclude_features,sett_exclude_subgroups,sett_preprocess_income,,,,,,6.121691765440505e-05,0.016592529652740773,3.169424420071867e-05,0.0010889838763303479
409,sett_cutoff,sett_encode_categorical,sett_exclude_subgroups,sett_preprocess_age,sett_scale,sett_stratify_split,,,,6.053657088408958e-05,0.7863247735397926,3.132542239873277e-05,0.005421314671835297
160,sett_cutoff,sett_exclude_features,sett_preprocess_age,sett_scale,,,,,,5.957870434708643e-05,0.09298952545680914,2.554913929628952e-05,0.0008877383984277027
498,sett_encode_categorical,sett_exclude_features,sett_model,sett_preprocess_age,sett_preprocess_income,sett_scale,sett_stratify_split,,,5.909433969707931e-05,0.4378102025484557,2.1706035817848835e-05,0.00404636334583977
217,sett_encode_categorical,sett_preprocess_age,sett_preprocess_income,sett_stratify_split,,,,,,5.8884836420843286e-05,0.3783210976113516,2.1425168238336537e-05,0.003940000649767773
286,sett_cutoff,sett_encode_categorical,sett_preprocess_age,sett_preprocess_income,sett_scale,,,,,5.8527576433656006e-05,0.10362250520330221,4.2417368343857786e-05,0.0017475718905663247
340,sett_encode_categorical,sett_exclude_features,sett_model,sett_scale,sett_stratify_split,,,,,5.84339311544496e-05,0.40525993551347705,2.2588163543695843e-05,0.0038647643681477216
50,sett_cutoff,sett_encode_categorical,sett_scale,,,,,,,5.840256519094017e-05,0.08545384834487575,3.398417388985852e-05,0.0008951733674498145
335,sett_encode_categorical,sett_exclude_features,sett_model,sett_preprocess_age,sett_preprocess_income,,,,,5.8121073641752637e-05,0.023686481082586565,2.7648612558992632e-05,0.0013680219671840534
466,sett_cutoff,sett_encode_categorical,sett_exclude_features,sett_exclude_subgroups,sett_model,sett_preprocess_age,sett_scale,,,5.7031839522964266e-05,0.13789186228272393,4.246747670273931e-05,0.0024369129173300815
262,sett_cutoff,sett_encode_categorical,sett_exclude_features,sett_model,sett_scale,,,,,5.656727240057981e-05,0.11165336348782665,3.38388639179872e-05,0.0012576933318344547
495,sett_encode_categorical,sett_exclude_features,sett_exclude_subgroups,sett_model,sett_preprocess_age,sett_scale,sett_stratify_split,,,5.6100206392684825e-05,0.4364567511793169,2.1644102226487703e-05,0.004207557943142068
26,sett_exclude_features,sett_preprocess_age,,,,,,,,5.568271375121583e-05,0.005263802065047583,2.0682426733249515e-05,0.0003999500174602552
355,sett_encode_categorical,sett_model,sett_preprocess_age,sett_preprocess_income,sett_scale,,,,,5.567853785549131e-05,0.027050892106183853,3.2413799659834446e-05,0.0019779287681988516
246,sett_exclude_subgroups,sett_preprocess_age,sett_preprocess_income,sett_scale,,,,,,5.44995338197599e-05,0.015266406210380995,1.8507951779832734e-05,0.0011680625259461463
366,sett_exclude_features,sett_exclude_subgroups,sett_preprocess_age,sett_preprocess_income,sett_scale,,,,,5.4476524163891055e-05,0.026693464355100324,1.653613142198469e-05,0.0015675643369473288
125,sett_preprocess_age,sett_preprocess_income,sett_scale,,,,,,,5.4158645843552716e-05,0.010542861421706268,4.0386563064677744e-05,0.0010654361041017898
288,sett_cutoff,sett_encode_categorical,sett_preprocess_age,sett_scale,sett_stratify_split,,,,,5.410716732185067e-05,0.7732438737686375,2.4264566354678413e-05,0.005337425085997978
509,sett_encode_categorical,sett_exclude_features,sett_exclude_subgroups,sett_model,sett_preprocess_age,sett_preprocess_income,sett_scale,sett_stratify_split,,5.378192335910214e-05,0.47601416909663274,1.1651456562809287e-05,0.004623924977840413
68,sett_cutoff,sett_preprocess_age,sett_scale,,,,,,,5.372476508991306e-05,0.08567629065706873,3.321652788992087e-05,0.0008885066017930566
475,sett_cutoff,sett_encode_categorical,sett_exclude_features,sett_model,sett_preprocess_age,sett_preprocess_income,sett_scale,,,5.370417603902762e-05,0.16104464698293353,2.5247966256378835e-05,0.0027895400626335165
206,sett_encode_categorical,sett_exclude_subgroups,sett_preprocess_age,sett_stratify_split,,,,,,5.3300028144990714e-05,0.37839530013267303,1.5209324188595774e-05,0.0041580896219899355
399,sett_cutoff,sett_encode_categorical,sett_exclude_features,sett_preprocess_age,sett_scale,sett_stratify_split,,,,5.3045197870516634e-05,0.7875291807186171,2.8958002079151524e-05,0.004758570126299936
73,sett_encode_categorical,sett_exclude_features,sett_exclude_subgroups,,,,,,,5.304082657227904e-05,0.01244853441545802,2.1485115486776695e-05,0.0008434915009469351
231,sett_exclude_features,sett_model,sett_preprocess_age,sett_scale,,,,,,5.244717904480362e-05,0.020690144683527006,2.286261849632655e-05,0.001092618495902731
501,sett_cutoff,sett_encode_categorical,sett_exclude_features,sett_exclude_subgroups,sett_model,sett_preprocess_age,sett_preprocess_income,sett_scale,,5.0245668301576016e-05,0.1929143823711296,1.5976053779364216e-05,0.003028079801405258
388,sett_cutoff,sett_encode_categorical,sett_exclude_features,sett_exclude_subgroups,sett_preprocess_income,sett_scale,,,,4.974854443531092e-05,0.12428083413797571,2.161852069363886e-05,0.0019356208045564509
196,sett_encode_categorical,sett_exclude_features,sett_preprocess_age,sett_stratify_split,,,,,,4.8364375758684896e-05,0.3802657901520228,2.133897646099378e-05,0.003955974081381763
334,sett_encode_categorical,sett_exclude_features,sett_exclude_subgroups,sett_scale,sett_stratify_split,,,,,4.803007914989466e-05,0.39891321574857674,1.4884633054242274e-05,0.0041915017090796095
454,sett_encode_categorical,sett_exclude_subgroups,sett_model,sett_preprocess_age,sett_scale,sett_stratify_split,,,,4.745165418896407e-05,0.40037215338733434,1.6492685107872276e-05,0.0038653685243016365
136,sett_cutoff,sett_encode_categorical,sett_exclude_subgroups,sett_preprocess_age,,,,,,4.733504558227221e-05,0.08716609259791193,2.112003908727434e-05,0.0011061523498676405
281,sett_cutoff,sett_encode_categorical,sett_model,sett_preprocess_age,sett_scale,,,,,4.686778658608924e-05,0.09752871573734578,2.4734708138940787e-05,0.0011071274329379332
449,sett_encode_categorical,sett_exclude_features,sett_model,sett_preprocess_age,sett_scale,sett_stratify_split,,,,4.6792455141831134e-05,0.4080865909280471,1.8324416785558807e-05,0.0036874919867281655
76,sett_encode_categorical,sett_exclude_features,sett_preprocess_income,,,,,,,4.666621531293827e-05,0.00895328810965303,1.7108999328633e-05,0.0006738426791191554
402,sett_cutoff,sett_encode_categorical,sett_exclude_subgroups,sett_model,sett_preprocess_age,sett_scale,,,,4.6249873592756494e-05,0.10867721196141436,2.259017380090139e-05,0.0013030835418347047
471,sett_cutoff,sett_encode_categorical,sett_exclude_features,sett_exclude_subgroups,sett_preprocess_age,sett_preprocess_income,sett_scale,,,4.6223078946375724e-05,0.12915653953096967,3.090437798762658e-05,0.002230209319903919
120,sett_model,sett_preprocess_age,sett_scale,,,,,,,4.6222283792564344e-05,0.008037913996161147,1.5610212630094387e-05,0.0006656896780387302
440,sett_encode_categorical,sett_exclude_features,sett_exclude_subgroups,sett_model,sett_preprocess_income,sett_scale,,,,4.590318026351509e-05,0.055251558402376486,1.522696040612199e-05,0.0018094638867106334
392,sett_cutoff,sett_encode_categorical,sett_exclude_features,sett_model,sett_preprocess_age,sett_scale,,,,4.4871119279378907e-05,0.11461100214444382,2.0969921263893926e-05,0.0013611554710561357
497,sett_encode_categorical,sett_exclude_features,sett_exclude_subgroups,sett_preprocess_age,sett_preprocess_income,sett_scale,sett_stratify_split,,,4.446605198904286e-05,0.41641380276839346,1.4515138164077458e-05,0.004310997652091493
338,sett_encode_categorical,sett_exclude_features,sett_model,sett_preprocess_income,sett_scale,,,,,4.430423946708875e-05,0.039150910827511216,2.4295802794808888e-05,0.0018326837136089795
277,sett_cutoff,sett_encode_categorical,sett_exclude_subgroups,sett_preprocess_income,sett_scale,,,,,4.408466572965674e-05,0.10910186598205349,2.4709631907943662e-05,0.001856069823850999
81,sett_encode_categorical,sett_exclude_subgroups,sett_preprocess_income,,,,,,,4.363285275846735e-05,0.007137384810211569,2.6792817645621504e-05,0.000670797853889337
200,sett_encode_categorical,sett_exclude_subgroups,sett_model,sett_preprocess_age,,,,,,4.360771616068069e-05,0.007268125170810133,2.3552643296674885e-05,0.00047761665187028886
329,sett_encode_categorical,sett_exclude_features,sett_exclude_subgroups,sett_preprocess_age,sett_preprocess_income,,,,,4.341512623692028e-05,0.01773806714259889,1.728722772189327e-05,0.0011532890390036415
127,sett_preprocess_age,sett_scale,sett_stratify_split,,,,,,,4.324601633213523e-05,0.3761803127827756,3.098170313687483e-05,0.00406753827110394
190,sett_encode_categorical,sett_exclude_features,sett_model,sett_preprocess_age,,,,,,4.322962699207758e-05,0.013031461372692284,2.3308235656599995e-05,0.0008875338076422061
407,sett_cutoff,sett_encode_categorical,sett_exclude_subgroups,sett_preprocess_age,sett_preprocess_income,sett_scale,,,,4.313241268116297e-05,0.11165544095190527,1.727125949686187e-05,0.0019815216939343488
88,sett_encode_categorical,sett_preprocess_age,sett_preprocess_income,,,,,,,4.277144950851589e-05,0.0038195734629880226,3.106080476533319e-05,0.0005145681030799704
386,sett_cutoff,sett_encode_categorical,sett_exclude_features,sett_exclude_subgroups,sett_preprocess_age,sett_scale,,,,4.236288293756657e-05,0.10674219704897721,2.5468368765342946e-05,0.0013492499832290143
236,sett_exclude_features,sett_preprocess_age,sett_preprocess_income,sett_scale,,,,,,4.217326725804964e-05,0.01700713996225746,1.7120950883123216e-05,0.001177098148537562
258,sett_cutoff,sett_encode_categorical,sett_exclude_features,sett_exclude_subgroups,sett_scale,,,,,4.171597420780346e-05,0.10473378895080122,2.1726583874702474e-05,0.001209835013730477
357,sett_encode_categorical,sett_model,sett_preprocess_age,sett_scale,sett_stratify_split,,,,,4.089234080102183e-05,0.38731148802734405,2.098651732657006e-05,0.003734902396093026
219,sett_encode_categorical,sett_preprocess_income,sett_scale,sett_stratify_split,,,,,,4.019606296573127e-05,0.38516390768642983,2.2964884111350633e-05,0.004062648927443427
131,sett_cutoff,sett_encode_categorical,sett_exclude_features,sett_preprocess_age,,,,,,3.914788143815831e-05,0.08834534964317511,1.1484503453724423e-05,0.0010145101880242135
451,sett_encode_categorical,sett_exclude_features,sett_preprocess_age,sett_preprocess_income,sett_scale,sett_stratify_split,,,,3.9033918303986296e-05,0.3973551017804987,1.3858570189220326e-05,0.004047435399764771
359,sett_encode_categorical,sett_preprocess_age,sett_preprocess_income,sett_scale,sett_stratify_split,,,,,3.895296433840585e-05,0.3865015874460125,2.0082390493764906e-05,0.0040636211849988165
138,sett_cutoff,sett_encode_categorical,sett_exclude_subgroups,sett_scale,,,,,,3.880446229169718e-05,0.09164571192898519,2.1898496685452955e-05,0.0010633601439725812
84,sett_encode_categorical,sett_model,sett_preprocess_age,,,,,,,3.8779878144279754e-05,0.0017962813693154504,2.2428534065935108e-05,0.00028335306931659405
204,sett_encode_categorical,sett_exclude_subgroups,sett_preprocess_age,sett_preprocess_income,,,,,,3.8607707716093545e-05,0.007781284412793974,1.2639584201368119e-05,0.0007001626885099668
74,sett_encode_categorical,sett_exclude_features,sett_model,,,,,,,3.8507031001136204e-05,0.012280603154377071,1.871888079364897e-05,0.0008031094931997476
445,sett_encode_categorical,sett_exclude_features,sett_exclude_subgroups,sett_preprocess_age,sett_scale,sett_stratify_split,,,,3.841283610269761e-05,0.4009103093008343,1.2958957027460201e-05,0.004112000170732551
225,sett_exclude_features,sett_exclude_subgroups,sett_preprocess_age,sett_scale,,,,,,3.785052364795469e-05,0.01823803341545854,1.5624263845480083e-05,0.0009765900913895646
456,sett_encode_categorical,sett_exclude_subgroups,sett_preprocess_age,sett_preprocess_income,sett_scale,sett_stratify_split,,,,3.64879876111341e-05,0.3954768366542643,1.237640817373898e-05,0.0041427195194516184
397,sett_cutoff,sett_encode_categorical,sett_exclude_features,sett_preprocess_age,sett_preprocess_income,sett_scale,,,,3.634969007768907e-05,0.11285998235855497,1.8277601669849466e-05,0.001593050921229735
327,sett_encode_categorical,sett_exclude_features,sett_exclude_subgroups,sett_model,sett_scale,,,,,3.627326515862601e-05,0.035124154029304314,1.1881128216923256e-05,0.001627818478708532
267,sett_cutoff,sett_encode_categorical,sett_exclude_features,sett_preprocess_income,sett_scale,,,,,3.550364367307209e-05,0.11026688958194432,1.4417544946541301e-05,0.0015581848029076668
452,sett_encode_categorical,sett_exclude_subgroups,sett_model,sett_preprocess_age,sett_preprocess_income,sett_scale,,,,3.5478070765070095e-05,0.03572103859143065,2.035773082910374e-05,0.0017929218336180037
194,sett_encode_categorical,sett_exclude_features,sett_preprocess_age,sett_preprocess_income,,,,,,3.537881442403308e-05,0.009578186292037848,1.3714290693248145e-05,0.0006977854717479125
186,sett_encode_categorical,sett_exclude_features,sett_exclude_subgroups,sett_preprocess_age,,,,,,3.482248499483987e-05,0.01290472840224205,1.7234866275207754e-05,0.0008814354227657522
216,sett_encode_categorical,sett_preprocess_age,sett_preprocess_income,sett_scale,,,,,,3.4504268077937026e-05,0.011190473600613069,2.4366670664003845e-05,0.001097140707012536
199,sett_encode_categorical,sett_exclude_features,sett_scale,sett_stratify_split,,,,,,3.42878385050727e-05,0.3846066978781554,1.7247378426702934e-05,0.004034763069348931
192,sett_encode_categorical,sett_exclude_features,sett_model,sett_scale,,,,,,3.408590614957089e-05,0.020879535402454304,1.7761344030808688e-05,0.0010044735758112488
48,sett_cutoff,sett_encode_categorical,sett_preprocess_age,,,,,,,3.398668210435714e-05,0.08182661557692206,2.2260721436120015e-05,0.0009719578056489972
209,sett_encode_categorical,sett_exclude_subgroups,sett_scale,sett_stratify_split,,,,,,3.299497338875505e-05,0.38296674699311006,1.9233950665134227e-05,0.004189539309333601
353,sett_encode_categorical,sett_exclude_subgroups,sett_preprocess_age,sett_scale,sett_stratify_split,,,,,3.2378289075218285e-05,0.3839586915472606,1.8800733002074358e-05,0.004141866966241567
211,sett_encode_categorical,sett_model,sett_preprocess_age,sett_scale,,,,,,3.1825975548013215e-05,0.008993957597348636,1.4258393782392407e-05,0.0007203901970124091
207,sett_encode_categorical,sett_exclude_subgroups,sett_preprocess_income,sett_scale,,,,,,3.138048653609179e-05,0.015298262936278326,1.6910934716308178e-05,0.001146080237085706
343,sett_encode_categorical,sett_exclude_features,sett_preprocess_age,sett_scale,sett_stratify_split,,,,,3.122929625736213e-05,0.38553021066260296,1.8942697305766384e-05,0.003949126213842333
202,sett_encode_categorical,sett_exclude_subgroups,sett_model,sett_scale,,,,,,3.071623477949077e-05,0.015287182225256683,1.0901664669920526e-05,0.0005926236138759038
114,sett_exclude_subgroups,sett_preprocess_age,sett_scale,,,,,,,3.039560504654394e-05,0.007897979500344151,1.3202516202479677e-05,0.0004990963620214496
275,sett_cutoff,sett_encode_categorical,sett_exclude_subgroups,sett_preprocess_age,sett_scale,,,,,2.9884025221988778e-05,0.09269227356080029,1.2349649413866063e-05,0.0011136721661100613
332,sett_encode_categorical,sett_exclude_features,sett_exclude_subgroups,sett_preprocess_income,sett_scale,,,,,2.8954598072399802e-05,0.026475324248568216,1.4592200253559773e-05,0.001493822372633183
90,sett_encode_categorical,sett_preprocess_age,sett_stratify_split,,,,,,,2.779019486693395e-05,0.3726534102814931,1.9252358817566047e-05,0.004121204496416135
438,sett_encode_categorical,sett_exclude_features,sett_exclude_subgroups,sett_model,sett_preprocess_age,sett_scale,,,,2.7670989094315197e-05,0.03699545200822946,1.6883013109750848e-05,0.0017301911597554145
265,sett_cutoff,sett_encode_categorical,sett_exclude_features,sett_preprocess_age,sett_scale,,,,,2.741414850882002e-05,0.09364193924964007,1.4428055386415433e-05,0.0008791654798632692
104,sett_exclude_features,sett_preprocess_age,sett_scale,,,,,,,2.6993006162762223e-05,0.009411377990941744,1.7876426960005297e-05,0.0005083209617387056
447,sett_encode_categorical,sett_exclude_features,sett_model,sett_preprocess_age,sett_preprocess_income,sett_scale,,,,2.6358617863535712e-05,0.041520307194566716,1.0701777260898315e-05,0.0018327351663113064
493,sett_encode_categorical,sett_exclude_features,sett_exclude_subgroups,sett_model,sett_preprocess_age,sett_preprocess_income,sett_scale,,,2.5926679751117653e-05,0.05969320622566371,7.151300040146022e-06,0.0019603591941567047
80,sett_encode_categorical,sett_exclude_subgroups,sett_preprocess_age,,,,,,,2.5240122096535406e-05,0.0039679199969661905,8.40419290146229e-06,0.00042913293786304405
188,sett_encode_categorical,sett_exclude_features,sett_exclude_subgroups,sett_scale,,,,,,2.5127826578926597e-05,0.018245527427765064,1.4333056464519558e-05,0.0009509678107362518
197,sett_encode_categorical,sett_exclude_features,sett_preprocess_income,sett_scale,,,,,,2.4734363787304314e-05,0.017004675381421794,1.4037502319672646e-05,0.001167652304231032
133,sett_cutoff,sett_encode_categorical,sett_exclude_features,sett_scale,,,,,,2.4275510219347925e-05,0.09257308429483846,1.3192606630099327e-05,0.0008816104294653017
75,sett_encode_categorical,sett_exclude_features,sett_preprocess_age,,,,,,,2.328200076288914e-05,0.005519707524016735,1.1702523849044732e-05,0.00039758193439887277
346,sett_encode_categorical,sett_exclude_subgroups,sett_model,sett_preprocess_age,sett_scale,,,,,2.2969494118153054e-05,0.016223270115032284,9.445372381472726e-06,0.0006833036152326144
341,sett_encode_categorical,sett_exclude_features,sett_preprocess_age,sett_preprocess_income,sett_scale,,,,,2.27755507498211e-05,0.01785849566619188,1.420577271406312e-05,0.0011592507231171988
17,sett_encode_categorical,sett_exclude_features,,,,,,,,2.2580242166848454e-05,0.005286856649034539,1.3625322323042886e-05,0.00036918429084786684
443,sett_encode_categorical,sett_exclude_features,sett_exclude_subgroups,sett_preprocess_age,sett_preprocess_income,sett_scale,,,,2.2570883087397118e-05,0.02810156126693507,1.2761832193794805e-05,0.001572379707433474
336,sett_encode_categorical,sett_exclude_features,sett_model,sett_preprocess_age,sett_scale,,,,,2.240993085725389e-05,0.021858609360468066,1.0739923929863852e-05,0.001055100675112147
351,sett_encode_categorical,sett_exclude_subgroups,sett_preprocess_age,sett_preprocess_income,sett_scale,,,,,1.98886973351607e-05,0.016182549473669643,8.74927800471841e-06,0.0012067338233087204
89,sett_encode_categorical,sett_preprocess_age,sett_scale,,,,,,,1.942627108383401e-05,0.0038712767720064088,1.3631705019379896e-05,0.0003666736345863795
330,sett_encode_categorical,sett_exclude_features,sett_exclude_subgroups,sett_preprocess_age,sett_scale,,,,,1.9061460321299273e-05,0.01887737357272226,1.2270756514137189e-05,0.0010232528549765792
145,sett_cutoff,sett_encode_categorical,sett_preprocess_age,sett_scale,,,,,,1.884536919406214e-05,0.0861022177568688,8.498663107101359e-06,0.0009128394640478402
93,sett_encode_categorical,sett_scale,sett_stratify_split,,,,,,,1.8789989447692872e-05,0.376191911536746,1.1089455458102274e-05,0.004067124741139707
218,sett_encode_categorical,sett_preprocess_age,sett_scale,sett_stratify_split,,,,,,1.7955373625576536e-05,0.3767013427990036,6.262845842027494e-06,0.004027494378915487
9,sett_cutoff,sett_encode_categorical,,,,,,,,1.661484530388832e-05,0.08128472228519748,1.2858837944384959e-05,0.0009870876190438704
20,sett_encode_categorical,sett_preprocess_age,,,,,,,,1.641131714259077e-05,0.0003475180593649157,1.3680274389716597e-05,6.445340978757478e-05
82,sett_encode_categorical,sett_exclude_subgroups,sett_scale,,,,,,,1.6219347386655817e-05,0.008003136816328697,1.276191982160378e-05,0.0004924783017401922
40,sett_preprocess_age,sett_scale,,,,,,,,1.4479714900665049e-05,0.003573199133999597,1.0236281551397382e-05,0.00034544989673959106
195,sett_encode_categorical,sett_exclude_features,sett_preprocess_age,sett_scale,,,,,,1.441137830865082e-05,0.009783644209702085,1.1820673296476375e-05,0.000520565182814151
77,sett_encode_categorical,sett_exclude_features,sett_scale,,,,,,,1.3914959515141147e-05,0.009475482964263978,8.880999928867706e-06,0.0004939737022383188
205,sett_encode_categorical,sett_exclude_subgroups,sett_preprocess_age,sett_scale,,,,,,1.3034198701459796e-05,0.008331078478386999,7.427684051292877e-06,0.0005287755676850265
